geometry,SAMPLE_DATE,SITE_ID,SITE_NAME,SITE_TYPE,Total Coliform,Enterococcus,E. Coli
"X: -13637257.3819714, Y: 4522533.44636066, Z: NaN",2021-10-18T00:00:00.0000000,AB4117,SAN PEDRO CREEK,CREEK,776,,17329
"X: -13637257.3819714, Y: 4522533.44636066, Z: NaN",2021-10-12T00:00:00.0000000,AB4117,SAN PEDRO CREEK,CREEK,185,,3873
"X: -13637257.3819714, Y: 4522533.44636066, Z: NaN",2021-10-04T00:00:00.0000000,AB4117,SAN PEDRO CREEK,CREEK,259,,6488
"X: -13637257.3819714, Y: 4522533.44636066, Z: NaN",2021-09-27T00:00:00.0000000,AB4117,SAN PEDRO CREEK,CREEK,269,,24196
"X: -13637257.3819714, Y: 4522533.44636066, Z: NaN",2021-09-20T00:00:00.0000000,AB4117,SAN PEDRO CREEK,CREEK,10,,161
"X: -13637257.3819714, Y: 4522533.44636066, Z: NaN",2021-09-13T00:00:00.0000000,AB4117,SAN PEDRO CREEK,CREEK,97,,17329
"X: -13637257.3819714, Y: 4522533.44636066, Z: NaN",2021-09-07T00:00:00.0000000,AB4117,SAN PEDRO CREEK,CREEK,75,,1354
"X: -13637257.3819714, Y: 4522533.44636066, Z: NaN",2021-08-30T00:00:00.0000000,AB4117,SAN PEDRO CREEK,CREEK,63,,4611
"X: -13637257.3819714, Y: 4522533.44636066, Z: NaN",2021-08-23T00:00:00.0000000,AB4117,SAN PEDRO CREEK,CREEK,256,,8664
"X: -13637257.3819714, Y: 4522533.44636066, Z: NaN",2021-08-16T00:00:00.0000000,AB4117,SAN PEDRO CREEK,CREEK,85,,11199
"X: -13637257.3819714, Y: 4522533.44636066, Z: NaN",2021-08-09T00:00:00.0000000,AB4117,SAN PEDRO CREEK,CREEK,158,,9804
"X: -13637257.3819714, Y: 4522533.44636066, Z: NaN",2021-08-02T00:00:00.0000000,AB4117,SAN PEDRO CREEK,CREEK,63,,12997
"X: -13637257.3819714, Y: 4522533.44636066, Z: NaN",2021-07-26T00:00:00.0000000,AB4117,SAN PEDRO CREEK,CREEK,41,,6867
"X: -13637257.3819714, Y: 4522533.44636066, Z: NaN",2021-07-19T00:00:00.0000000,AB4117,SAN PEDRO CREEK,CREEK,218,,1071
"X: -13637257.3819714, Y: 4522533.44636066, Z: NaN",2021-07-12T00:00:00.0000000,AB4117,SAN PEDRO CREEK,CREEK,41,,4352
"X: -13637257.3819714, Y: 4522533.44636066, Z: NaN",2021-07-06T00:00:00.0000000,AB4117,SAN PEDRO CREEK,CREEK,218,,3076
"X: -13637257.3819714, Y: 4522533.44636066, Z: NaN",2021-06-28T00:00:00.0000000,AB4117,SAN PEDRO CREEK,CREEK,30,,5475
"X: -13637257.3819714, Y: 4522533.44636066, Z: NaN",2021-06-21T00:00:00.0000000,AB4117,SAN PEDRO CREEK,CREEK,52,,10462
"X: -13637257.3819714, Y: 4522533.44636066, Z: NaN",2021-06-14T00:00:00.0000000,AB4117,SAN PEDRO CREEK,CREEK,169,,3873
"X: -13637257.3819714, Y: 4522533.44636066, Z: NaN",2021-06-07T00:00:00.0000000,AB4117,SAN PEDRO CREEK,CREEK,10,,336
"X: -13637257.3819714, Y: 4522533.44636066, Z: NaN",2021-06-01T00:00:00.0000000,AB4117,SAN PEDRO CREEK,CREEK,20,,15531
"X: -13637257.3819714, Y: 4522533.44636066, Z: NaN",2021-05-24T00:00:00.0000000,AB4117,SAN PEDRO CREEK,CREEK,10,,6867
"X: -13637257.3819714, Y: 4522533.44636066, Z: NaN",2021-05-17T00:00:00.0000000,AB4117,SAN PEDRO CREEK,CREEK,218,,1607
"X: -13637257.3819714, Y: 4522533.44636066, Z: NaN",2021-05-10T00:00:00.0000000,AB4117,SAN PEDRO CREEK,CREEK,379,,8664
"X: -13637257.3819714, Y: 4522533.44636066, Z: NaN",2021-05-03T00:00:00.0000000,AB4117,SAN PEDRO CREEK,CREEK,259,,10462
"X: -13637257.3819714, Y: 4522533.44636066, Z: NaN",2021-04-12T00:00:00.0000000,AB4117,SAN PEDRO CREEK,CREEK,72,,2755
"X: -13637257.3819714, Y: 4522533.44636066, Z: NaN",2021-04-05T00:00:00.0000000,AB4117,SAN PEDRO CREEK,CREEK,20,,7270
"X: -13637257.3819714, Y: 4522533.44636066, Z: NaN",2021-03-29T00:00:00.0000000,AB4117,SAN PEDRO CREEK,CREEK,10,,19863
"X: -13637257.3819714, Y: 4522533.44636066, Z: NaN",2021-03-15T00:00:00.0000000,AB4117,SAN PEDRO CREEK,CREEK,86,,4106
"X: -13637257.3819714, Y: 4522533.44636066, Z: NaN",2021-03-01T00:00:00.0000000,AB4117,SAN PEDRO CREEK,CREEK,10,,3654
"X: -13637257.3819714, Y: 4522533.44636066, Z: NaN",2021-02-22T00:00:00.0000000,AB4117,SAN PEDRO CREEK,CREEK,10,,3076
"X: -13637257.3819714, Y: 4522533.44636066, Z: NaN",2021-02-08T00:00:00.0000000,AB4117,SAN PEDRO CREEK,CREEK,20,,5172
"X: -13637257.3819714, Y: 4522533.44636066, Z: NaN",2021-02-01T00:00:00.0000000,AB4117,SAN PEDRO CREEK,CREEK,41,,2247
"X: -13637257.3819714, Y: 4522533.44636066, Z: NaN",2021-01-25T00:00:00.0000000,AB4117,SAN PEDRO CREEK,CREEK,1664,,11199
"X: -13637257.3819714, Y: 4522533.44636066, Z: NaN",2021-01-19T00:00:00.0000000,AB4117,SAN PEDRO CREEK,CREEK,20,,5794
"X: -13637257.3819714, Y: 4522533.44636066, Z: NaN",2021-01-11T00:00:00.0000000,AB4117,SAN PEDRO CREEK,CREEK,295,,14136
"X: -13637257.3819714, Y: 4522533.44636066, Z: NaN",2021-01-04T00:00:00.0000000,AB4117,SAN PEDRO CREEK,CREEK,134,,17329
"X: -13637257.3819714, Y: 4522533.44636066, Z: NaN",2020-12-14T00:00:00.0000000,AB4117,SAN PEDRO CREEK,CREEK,41,,24196
"X: -13637257.3819714, Y: 4522533.44636066, Z: NaN",2020-12-07T00:00:00.0000000,AB4117,SAN PEDRO CREEK,CREEK,175,,9208
"X: -13637257.3819714, Y: 4522533.44636066, Z: NaN",2020-11-30T00:00:00.0000000,AB4117,SAN PEDRO CREEK,CREEK,31,,12997
"X: -13637257.3819714, Y: 4522533.44636066, Z: NaN",2020-11-23T00:00:00.0000000,AB4117,SAN PEDRO CREEK,CREEK,98,,10462
"X: -13637257.3819714, Y: 4522533.44636066, Z: NaN",2020-11-16T00:00:00.0000000,AB4117,SAN PEDRO CREEK,CREEK,185,,8664
"X: -13637257.3819714, Y: 4522533.44636066, Z: NaN",2020-11-09T00:00:00.0000000,AB4117,SAN PEDRO CREEK,CREEK,657,,2014
"X: -13637257.3819714, Y: 4522533.44636066, Z: NaN",2020-11-02T00:00:00.0000000,AB4117,SAN PEDRO CREEK,CREEK,350,,17329
"X: -13637257.3819714, Y: 4522533.44636066, Z: NaN",2020-10-26T00:00:00.0000000,AB4117,SAN PEDRO CREEK,CREEK,52,,7270
"X: -13637257.3819714, Y: 4522533.44636066, Z: NaN",2020-10-19T00:00:00.0000000,AB4117,SAN PEDRO CREEK,CREEK,195,,24196
"X: -13637257.3819714, Y: 4522533.44636066, Z: NaN",2020-10-13T00:00:00.0000000,AB4117,SAN PEDRO CREEK,CREEK,74,,17329
"X: -13637257.3819714, Y: 4522533.44636066, Z: NaN",2020-10-05T00:00:00.0000000,AB4117,SAN PEDRO CREEK,CREEK,98,,10462
"X: -13637257.3819714, Y: 4522533.44636066, Z: NaN",2020-09-28T00:00:00.0000000,AB4117,SAN PEDRO CREEK,CREEK,108,,15531
"X: -13637257.3819714, Y: 4522533.44636066, Z: NaN",2020-09-21T00:00:00.0000000,AB4117,SAN PEDRO CREEK,CREEK,309,,12033
"X: -13637257.3819714, Y: 4522533.44636066, Z: NaN",2020-09-14T00:00:00.0000000,AB4117,SAN PEDRO CREEK,CREEK,120,,24196
"X: -13637257.3819714, Y: 4522533.44636066, Z: NaN",2020-09-08T00:00:00.0000000,AB4117,SAN PEDRO CREEK,CREEK,52,,24196
"X: -13637257.3819714, Y: 4522533.44636066, Z: NaN",2020-08-31T00:00:00.0000000,AB4117,SAN PEDRO CREEK,CREEK,259,,24196
"X: -13637257.3819714, Y: 4522533.44636066, Z: NaN",2020-08-17T00:00:00.0000000,AB4117,SAN PEDRO CREEK,CREEK,1259,,8664
"X: -13637257.3819714, Y: 4522533.44636066, Z: NaN",2020-08-10T00:00:00.0000000,AB4117,SAN PEDRO CREEK,CREEK,86,,17329
"X: -13637257.3819714, Y: 4522533.44636066, Z: NaN",2020-08-03T00:00:00.0000000,AB4117,SAN PEDRO CREEK,CREEK,97,,24196
"X: -13637257.3819714, Y: 4522533.44636066, Z: NaN",2020-07-27T00:00:00.0000000,AB4117,SAN PEDRO CREEK,CREEK,74,,17329
"X: -13637257.3819714, Y: 4522533.44636066, Z: NaN",2020-07-20T00:00:00.0000000,AB4117,SAN PEDRO CREEK,CREEK,10,,24196
"X: -13637257.3819714, Y: 4522533.44636066, Z: NaN",2020-07-13T00:00:00.0000000,AB4117,SAN PEDRO CREEK,CREEK,52,,15531
"X: -13637257.3819714, Y: 4522533.44636066, Z: NaN",2020-07-06T00:00:00.0000000,AB4117,SAN PEDRO CREEK,CREEK,52,,19863
"X: -13637257.3819714, Y: 4522533.44636066, Z: NaN",2020-06-29T00:00:00.0000000,AB4117,SAN PEDRO CREEK,CREEK,98,,14136
"X: -13637257.3819714, Y: 4522533.44636066, Z: NaN",2020-06-22T00:00:00.0000000,AB4117,SAN PEDRO CREEK,CREEK,231,,2400
"X: -13637257.3819714, Y: 4522533.44636066, Z: NaN",2020-06-15T00:00:00.0000000,AB4117,SAN PEDRO CREEK,CREEK,41,,9804
"X: -13637257.3819714, Y: 4522533.44636066, Z: NaN",2020-06-08T00:00:00.0000000,AB4117,SAN PEDRO CREEK,CREEK,355,,2924
"X: -13637257.3819714, Y: 4522533.44636066, Z: NaN",2020-06-01T00:00:00.0000000,AB4117,SAN PEDRO CREEK,CREEK,216,,5475
"X: -13637257.3819714, Y: 4522533.44636066, Z: NaN",2020-03-16T00:00:00.0000000,AB4117,SAN PEDRO CREEK,CREEK,1019,,19863
"X: -13637257.3819714, Y: 4522533.44636066, Z: NaN",2020-03-09T00:00:00.0000000,AB4117,SAN PEDRO CREEK,CREEK,1565,,8164
"X: -13637257.3819714, Y: 4522533.44636066, Z: NaN",2020-03-02T00:00:00.0000000,AB4117,SAN PEDRO CREEK,CREEK,146,,2075
"X: -13637257.3819714, Y: 4522533.44636066, Z: NaN",2020-02-24T00:00:00.0000000,AB4117,SAN PEDRO CREEK,CREEK,168,,2723
"X: -13637257.3819714, Y: 4522533.44636066, Z: NaN",2020-02-18T00:00:00.0000000,AB4117,SAN PEDRO CREEK,CREEK,63,,2359
"X: -13637257.3819714, Y: 4522533.44636066, Z: NaN",2020-02-10T00:00:00.0000000,AB4117,SAN PEDRO CREEK,CREEK,98,,1421
"X: -13637257.3819714, Y: 4522533.44636066, Z: NaN",2020-02-03T00:00:00.0000000,AB4117,SAN PEDRO CREEK,CREEK,185,,1607
"X: -13637257.3819714, Y: 4522533.44636066, Z: NaN",2020-01-27T00:00:00.0000000,AB4117,SAN PEDRO CREEK,CREEK,393,,2098
"X: -13637257.3819714, Y: 4522533.44636066, Z: NaN",2020-01-21T00:00:00.0000000,AB4117,SAN PEDRO CREEK,CREEK,650,,5475
"X: -13637257.3819714, Y: 4522533.44636066, Z: NaN",2019-12-16T00:00:00.0000000,AB4117,SAN PEDRO CREEK,CREEK,573,,7701
"X: -13637257.3819714, Y: 4522533.44636066, Z: NaN",2019-12-09T00:00:00.0000000,AB4117,SAN PEDRO CREEK,CREEK,548,,6867
"X: -13637257.3819714, Y: 4522533.44636066, Z: NaN",2019-12-02T00:00:00.0000000,AB4117,SAN PEDRO CREEK,CREEK,228,,8664
"X: -13637257.3819714, Y: 4522533.44636066, Z: NaN",2019-11-25T00:00:00.0000000,AB4117,SAN PEDRO CREEK,CREEK,393,,1439
"X: -13637257.3819714, Y: 4522533.44636066, Z: NaN",2019-11-18T00:00:00.0000000,AB4117,SAN PEDRO CREEK,CREEK,146,,723
"X: -13637257.3819714, Y: 4522533.44636066, Z: NaN",2019-11-12T00:00:00.0000000,AB4117,SAN PEDRO CREEK,CREEK,259,,1785
"X: -13637257.3819714, Y: 4522533.44636066, Z: NaN",2019-11-04T00:00:00.0000000,AB4117,SAN PEDRO CREEK,CREEK,262,,1071
"X: -13637257.3819714, Y: 4522533.44636066, Z: NaN",2019-10-29T00:00:00.0000000,AB4117,SAN PEDRO CREEK,CREEK,359,,2282
"X: -13637257.3819714, Y: 4522533.44636066, Z: NaN",2019-10-21T00:00:00.0000000,AB4117,SAN PEDRO CREEK,CREEK,122,,1842
"X: -13637257.3819714, Y: 4522533.44636066, Z: NaN",2019-10-15T00:00:00.0000000,AB4117,SAN PEDRO CREEK,CREEK,487,,5172
"X: -13637257.3819714, Y: 4522533.44636066, Z: NaN",2019-10-07T00:00:00.0000000,AB4117,SAN PEDRO CREEK,CREEK,960,,2755
"X: -13637257.3819714, Y: 4522533.44636066, Z: NaN",2019-09-30T00:00:00.0000000,AB4117,SAN PEDRO CREEK,CREEK,201,,2723
"X: -13637257.3819714, Y: 4522533.44636066, Z: NaN",2019-09-23T00:00:00.0000000,AB4117,SAN PEDRO CREEK,CREEK,448,,7270
"X: -13637257.3819714, Y: 4522533.44636066, Z: NaN",2019-09-16T00:00:00.0000000,AB4117,SAN PEDRO CREEK,CREEK,24196,,24196
"X: -13637257.3819714, Y: 4522533.44636066, Z: NaN",2019-09-09T00:00:00.0000000,AB4117,SAN PEDRO CREEK,CREEK,857,,4884
"X: -13637257.3819714, Y: 4522533.44636066, Z: NaN",2019-09-03T00:00:00.0000000,AB4117,SAN PEDRO CREEK,CREEK,1076,,10462
"X: -13637257.3819714, Y: 4522533.44636066, Z: NaN",2019-08-26T00:00:00.0000000,AB4117,SAN PEDRO CREEK,CREEK,1112,,7270
"X: -13637257.3819714, Y: 4522533.44636066, Z: NaN",2019-08-19T00:00:00.0000000,AB4117,SAN PEDRO CREEK,CREEK,789,,17329
"X: -13637257.3819714, Y: 4522533.44636066, Z: NaN",2019-08-12T00:00:00.0000000,AB4117,SAN PEDRO CREEK,CREEK,435,,12033
"X: -13637257.3819714, Y: 4522533.44636066, Z: NaN",2019-08-05T00:00:00.0000000,AB4117,SAN PEDRO CREEK,CREEK,1076,,12033
"X: -13637257.3819714, Y: 4522533.44636066, Z: NaN",2019-07-29T00:00:00.0000000,AB4117,SAN PEDRO CREEK,CREEK,882,,7270
"X: -13637257.3819714, Y: 4522533.44636066, Z: NaN",2019-07-22T00:00:00.0000000,AB4117,SAN PEDRO CREEK,CREEK,292,,4569
"X: -13637257.3819714, Y: 4522533.44636066, Z: NaN",2019-07-16T00:00:00.0000000,AB4117,SAN PEDRO CREEK,CREEK,135,,6488
"X: -13637257.3819714, Y: 4522533.44636066, Z: NaN",2019-07-08T00:00:00.0000000,AB4117,SAN PEDRO CREEK,CREEK,426,,5475
"X: -13637257.3819714, Y: 4522533.44636066, Z: NaN",2019-07-01T00:00:00.0000000,AB4117,SAN PEDRO CREEK,CREEK,441,,2613
"X: -13637257.3819714, Y: 4522533.44636066, Z: NaN",2019-06-24T00:00:00.0000000,AB4117,SAN PEDRO CREEK,CREEK,471,,5794
"X: -13637257.3819714, Y: 4522533.44636066, Z: NaN",2019-06-17T00:00:00.0000000,AB4117,SAN PEDRO CREEK,CREEK,238,,4352
"X: -13637257.3819714, Y: 4522533.44636066, Z: NaN",2019-06-10T00:00:00.0000000,AB4117,SAN PEDRO CREEK,CREEK,677,,4352
"X: -13637257.3819714, Y: 4522533.44636066, Z: NaN",2019-06-03T00:00:00.0000000,AB4117,SAN PEDRO CREEK,CREEK,199,,2755
"X: -13637257.3819714, Y: 4522533.44636066, Z: NaN",2019-05-28T00:00:00.0000000,AB4117,SAN PEDRO CREEK,CREEK,259,,3654
"X: -13637257.3819714, Y: 4522533.44636066, Z: NaN",2019-05-20T00:00:00.0000000,AB4117,SAN PEDRO CREEK,CREEK,426,,9804
"X: -13637257.3819714, Y: 4522533.44636066, Z: NaN",2019-05-13T00:00:00.0000000,AB4117,SAN PEDRO CREEK,CREEK,313,,11199
"X: -13637257.3819714, Y: 4522533.44636066, Z: NaN",2019-05-06T00:00:00.0000000,AB4117,SAN PEDRO CREEK,CREEK,161,,1725
"X: -13637257.3819714, Y: 4522533.44636066, Z: NaN",2019-04-29T00:00:00.0000000,AB4117,SAN PEDRO CREEK,CREEK,160,,1872
"X: -13637257.3819714, Y: 4522533.44636066, Z: NaN",2019-04-22T00:00:00.0000000,AB4117,SAN PEDRO CREEK,CREEK,216,,4352
"X: -13637257.3819714, Y: 4522533.44636066, Z: NaN",2019-04-15T00:00:00.0000000,AB4117,SAN PEDRO CREEK,CREEK,109,,3873
"X: -13637257.3819714, Y: 4522533.44636066, Z: NaN",2019-04-08T00:00:00.0000000,AB4117,SAN PEDRO CREEK,CREEK,211,,5475
"X: -13637257.3819714, Y: 4522533.44636066, Z: NaN",2019-04-01T00:00:00.0000000,AB4117,SAN PEDRO CREEK,CREEK,141,,2382
"X: -13637257.3819714, Y: 4522533.44636066, Z: NaN",2019-03-25T00:00:00.0000000,AB4117,SAN PEDRO CREEK,CREEK,373,,4106
"X: -13637257.3819714, Y: 4522533.44636066, Z: NaN",2019-03-18T00:00:00.0000000,AB4117,SAN PEDRO CREEK,CREEK,538,,3255
"X: -13637257.3819714, Y: 4522533.44636066, Z: NaN",2019-03-11T00:00:00.0000000,AB4117,SAN PEDRO CREEK,CREEK,495,,5172
"X: -13637257.3819714, Y: 4522533.44636066, Z: NaN",2019-03-04T00:00:00.0000000,AB4117,SAN PEDRO CREEK,CREEK,2098,,24196
"X: -13637257.3819714, Y: 4522533.44636066, Z: NaN",2019-02-19T00:00:00.0000000,AB4117,SAN PEDRO CREEK,CREEK,74,,4106
"X: -13637257.3819714, Y: 4522533.44636066, Z: NaN",2019-02-04T00:00:00.0000000,AB4117,SAN PEDRO CREEK,CREEK,1246,,24196
"X: -13637257.3819714, Y: 4522533.44636066, Z: NaN",2019-01-28T00:00:00.0000000,AB4117,SAN PEDRO CREEK,CREEK,275,,3448
"X: -13637257.3819714, Y: 4522533.44636066, Z: NaN",2019-01-22T00:00:00.0000000,AB4117,SAN PEDRO CREEK,CREEK,275,,5475
"X: -13637257.3819714, Y: 4522533.44636066, Z: NaN",2019-01-14T00:00:00.0000000,AB4117,SAN PEDRO CREEK,CREEK,199,,6131
"X: -13637257.3819714, Y: 4522533.44636066, Z: NaN",2019-01-07T00:00:00.0000000,AB4117,SAN PEDRO CREEK,CREEK,1050,,15531
"X: -13637257.3819714, Y: 4522533.44636066, Z: NaN",2018-12-10T00:00:00.0000000,AB4117,SAN PEDRO CREEK,CREEK,565,,8164
"X: -13637257.3819714, Y: 4522533.44636066, Z: NaN",2018-12-03T00:00:00.0000000,AB4117,SAN PEDRO CREEK,CREEK,443,,11199
"X: -13637257.3819714, Y: 4522533.44636066, Z: NaN",2018-11-26T00:00:00.0000000,AB4117,SAN PEDRO CREEK,CREEK,771,,12997
"X: -13637257.3819714, Y: 4522533.44636066, Z: NaN",2018-11-13T00:00:00.0000000,AB4117,SAN PEDRO CREEK,CREEK,663,,3873
"X: -13637257.3819714, Y: 4522533.44636066, Z: NaN",2018-11-05T00:00:00.0000000,AB4117,SAN PEDRO CREEK,CREEK,521,,4884
"X: -13637257.3819714, Y: 4522533.44636066, Z: NaN",2018-10-29T00:00:00.0000000,AB4117,SAN PEDRO CREEK,CREEK,609,,9208
"X: -13637257.3819714, Y: 4522533.44636066, Z: NaN",2018-10-22T00:00:00.0000000,AB4117,SAN PEDRO CREEK,CREEK,637,,4352
"X: -13637257.3819714, Y: 4522533.44636066, Z: NaN",2018-10-15T00:00:00.0000000,AB4117,SAN PEDRO CREEK,CREEK,581,,12033
"X: -13637257.3819714, Y: 4522533.44636066, Z: NaN",2018-10-09T00:00:00.0000000,AB4117,SAN PEDRO CREEK,CREEK,708,,12033
"X: -13637257.3819714, Y: 4522533.44636066, Z: NaN",2018-10-01T00:00:00.0000000,AB4117,SAN PEDRO CREEK,CREEK,933,,7701
"X: -13637257.3819714, Y: 4522533.44636066, Z: NaN",2018-09-24T00:00:00.0000000,AB4117,SAN PEDRO CREEK,CREEK,657,,5794
"X: -13637257.3819714, Y: 4522533.44636066, Z: NaN",2018-09-17T00:00:00.0000000,AB4117,SAN PEDRO CREEK,CREEK,2723,,8164
"X: -13637257.3819714, Y: 4522533.44636066, Z: NaN",2018-09-04T00:00:00.0000000,AB4117,SAN PEDRO CREEK,CREEK,860,,4884
"X: -13637257.3819714, Y: 4522533.44636066, Z: NaN",2018-08-27T00:00:00.0000000,AB4117,SAN PEDRO CREEK,CREEK,488,,5794
"X: -13637257.3819714, Y: 4522533.44636066, Z: NaN",2018-08-20T00:00:00.0000000,AB4117,SAN PEDRO CREEK,CREEK,862,,7701
"X: -13637257.3819714, Y: 4522533.44636066, Z: NaN",2018-08-13T00:00:00.0000000,AB4117,SAN PEDRO CREEK,CREEK,712,,6131
"X: -13637257.3819714, Y: 4522533.44636066, Z: NaN",2018-07-30T00:00:00.0000000,AB4117,SAN PEDRO CREEK,CREEK,426,,6867
"X: -13637257.3819714, Y: 4522533.44636066, Z: NaN",2018-07-23T00:00:00.0000000,AB4117,SAN PEDRO CREEK,CREEK,187,,9208
"X: -13637257.3819714, Y: 4522533.44636066, Z: NaN",2018-07-16T00:00:00.0000000,AB4117,SAN PEDRO CREEK,CREEK,243,,5172
"X: -13637257.3819714, Y: 4522533.44636066, Z: NaN",2018-07-09T00:00:00.0000000,AB4117,SAN PEDRO CREEK,CREEK,576,,5794
"X: -13637257.3819714, Y: 4522533.44636066, Z: NaN",2018-07-02T00:00:00.0000000,AB4117,SAN PEDRO CREEK,CREEK,336,,4611
"X: -13637257.3819714, Y: 4522533.44636066, Z: NaN",2018-06-25T00:00:00.0000000,AB4117,SAN PEDRO CREEK,CREEK,197,,2359
"X: -13637257.3819714, Y: 4522533.44636066, Z: NaN",2018-06-18T00:00:00.0000000,AB4117,SAN PEDRO CREEK,CREEK,1565,,7270
"X: -13637257.3819714, Y: 4522533.44636066, Z: NaN",2018-06-11T00:00:00.0000000,AB4117,SAN PEDRO CREEK,CREEK,231,,4611
"X: -13637257.3819714, Y: 4522533.44636066, Z: NaN",2018-06-04T00:00:00.0000000,AB4117,SAN PEDRO CREEK,CREEK,305,,5475
"X: -13637257.3819714, Y: 4522533.44636066, Z: NaN",2018-05-29T00:00:00.0000000,AB4117,SAN PEDRO CREEK,CREEK,323,,4611
"X: -13637257.3819714, Y: 4522533.44636066, Z: NaN",2018-05-21T00:00:00.0000000,AB4117,SAN PEDRO CREEK,CREEK,359,,6488
"X: -13637257.3819714, Y: 4522533.44636066, Z: NaN",2018-05-14T00:00:00.0000000,AB4117,SAN PEDRO CREEK,CREEK,435,,6488
"X: -13637257.3819714, Y: 4522533.44636066, Z: NaN",2018-05-07T00:00:00.0000000,AB4117,SAN PEDRO CREEK,CREEK,122,,3873
"X: -13637257.3819714, Y: 4522533.44636066, Z: NaN",2018-04-30T00:00:00.0000000,AB4117,SAN PEDRO CREEK,CREEK,259,,7701
"X: -13637257.3819714, Y: 4522533.44636066, Z: NaN",2018-04-23T00:00:00.0000000,AB4117,SAN PEDRO CREEK,CREEK,313,,6488
"X: -13637257.3819714, Y: 4522533.44636066, Z: NaN",2018-04-16T00:00:00.0000000,AB4117,SAN PEDRO CREEK,CREEK,480,,4611
"X: -13637257.3819714, Y: 4522533.44636066, Z: NaN",2018-04-09T00:00:00.0000000,AB4117,SAN PEDRO CREEK,CREEK,272,,8664
"X: -13637257.3819714, Y: 4522533.44636066, Z: NaN",2018-04-02T00:00:00.0000000,AB4117,SAN PEDRO CREEK,CREEK,218,,5794
"X: -13637257.3819714, Y: 4522533.44636066, Z: NaN",2018-03-26T00:00:00.0000000,AB4117,SAN PEDRO CREEK,CREEK,161,,5172
"X: -13637257.3819714, Y: 4522533.44636066, Z: NaN",2018-03-19T00:00:00.0000000,AB4117,SAN PEDRO CREEK,CREEK,120,,2755
"X: -13637257.3819714, Y: 4522533.44636066, Z: NaN",2018-03-12T00:00:00.0000000,AB4117,SAN PEDRO CREEK,CREEK,120,,4106
"X: -13637257.3819714, Y: 4522533.44636066, Z: NaN",2018-03-05T00:00:00.0000000,AB4117,SAN PEDRO CREEK,CREEK,246,,7270
"X: -13637257.3819714, Y: 4522533.44636066, Z: NaN",2018-02-26T00:00:00.0000000,AB4117,SAN PEDRO CREEK,CREEK,6131,,24196
"X: -13637257.3819714, Y: 4522533.44636066, Z: NaN",2018-02-20T00:00:00.0000000,AB4117,SAN PEDRO CREEK,CREEK,109,,1106
"X: -13637257.3819714, Y: 4522533.44636066, Z: NaN",2018-02-12T00:00:00.0000000,AB4117,SAN PEDRO CREEK,CREEK,393,,2187
"X: -13637257.3819714, Y: 4522533.44636066, Z: NaN",2018-02-05T00:00:00.0000000,AB4117,SAN PEDRO CREEK,CREEK,98,,3654
"X: -13637257.3819714, Y: 4522533.44636066, Z: NaN",2018-01-29T00:00:00.0000000,AB4117,SAN PEDRO CREEK,CREEK,228,,3873
"X: -13637257.3819714, Y: 4522533.44636066, Z: NaN",2018-01-22T00:00:00.0000000,AB4117,SAN PEDRO CREEK,CREEK,2489,,24196
"X: -13637257.3819714, Y: 4522533.44636066, Z: NaN",2018-01-16T00:00:00.0000000,AB4117,SAN PEDRO CREEK,CREEK,389,,5794
"X: -13637257.3819714, Y: 4522533.44636066, Z: NaN",2018-01-08T00:00:00.0000000,AB4117,SAN PEDRO CREEK,CREEK,146,,5172
"X: -13637257.3819714, Y: 4522533.44636066, Z: NaN",2018-01-02T00:00:00.0000000,AB4117,SAN PEDRO CREEK,CREEK,350,,2481
"X: -13637257.3819714, Y: 4522533.44636066, Z: NaN",2017-12-18T00:00:00.0000000,AB4117,SAN PEDRO CREEK,CREEK,435,,4884
"X: -13637257.3819714, Y: 4522533.44636066, Z: NaN",2017-12-11T00:00:00.0000000,AB4117,SAN PEDRO CREEK,CREEK,1081,,6867
"X: -13637257.3819714, Y: 4522533.44636066, Z: NaN",2017-12-04T00:00:00.0000000,AB4117,SAN PEDRO CREEK,CREEK,158,,1829
"X: -13637257.3819714, Y: 4522533.44636066, Z: NaN",2017-11-27T00:00:00.0000000,AB4117,SAN PEDRO CREEK,CREEK,6131,,24196
"X: -13637257.3819714, Y: 4522533.44636066, Z: NaN",2017-11-20T00:00:00.0000000,AB4117,SAN PEDRO CREEK,CREEK,905,,14136
"X: -13637257.3819714, Y: 4522533.44636066, Z: NaN",2017-11-13T00:00:00.0000000,AB4117,SAN PEDRO CREEK,CREEK,1145,,15531
"X: -13637257.3819714, Y: 4522533.44636066, Z: NaN",2017-11-06T00:00:00.0000000,AB4117,SAN PEDRO CREEK,CREEK,1607,,8164
"X: -13637257.3819714, Y: 4522533.44636066, Z: NaN",2017-10-30T00:00:00.0000000,AB4117,SAN PEDRO CREEK,CREEK,1010,,7701
"X: -13637257.3819714, Y: 4522533.44636066, Z: NaN",2017-10-23T00:00:00.0000000,AB4117,SAN PEDRO CREEK,CREEK,2064,,19863
"X: -13637257.3819714, Y: 4522533.44636066, Z: NaN",2017-10-16T00:00:00.0000000,AB4117,SAN PEDRO CREEK,CREEK,2359,,8164
"X: -13637257.3819714, Y: 4522533.44636066, Z: NaN",2017-10-10T00:00:00.0000000,AB4117,SAN PEDRO CREEK,CREEK,1095,,7270
"X: -13637257.3819714, Y: 4522533.44636066, Z: NaN",2017-10-02T00:00:00.0000000,AB4117,SAN PEDRO CREEK,CREEK,546,,10462
"X: -13637257.3819714, Y: 4522533.44636066, Z: NaN",2017-09-25T00:00:00.0000000,AB4117,SAN PEDRO CREEK,CREEK,703,,9804
"X: -13637257.3819714, Y: 4522533.44636066, Z: NaN",2017-09-18T00:00:00.0000000,AB4117,SAN PEDRO CREEK,CREEK,2481,,9208
"X: -13637257.3819714, Y: 4522533.44636066, Z: NaN",2017-09-11T00:00:00.0000000,AB4117,SAN PEDRO CREEK,CREEK,839,,6867
"X: -13637257.3819714, Y: 4522533.44636066, Z: NaN",2017-09-05T00:00:00.0000000,AB4117,SAN PEDRO CREEK,CREEK,857,,8664
"X: -13637257.3819714, Y: 4522533.44636066, Z: NaN",2017-08-28T00:00:00.0000000,AB4117,SAN PEDRO CREEK,CREEK,862,,8664
"X: -13637257.3819714, Y: 4522533.44636066, Z: NaN",2017-08-21T00:00:00.0000000,AB4117,SAN PEDRO CREEK,CREEK,1989,,24196
"X: -13637257.3819714, Y: 4522533.44636066, Z: NaN",2017-08-14T00:00:00.0000000,AB4117,SAN PEDRO CREEK,CREEK,794,,7270
"X: -13637257.3819714, Y: 4522533.44636066, Z: NaN",2017-08-07T00:00:00.0000000,AB4117,SAN PEDRO CREEK,CREEK,393,,6131
"X: -13637257.3819714, Y: 4522533.44636066, Z: NaN",2017-07-31T00:00:00.0000000,AB4117,SAN PEDRO CREEK,CREEK,309,,6488
"X: -13637257.3819714, Y: 4522533.44636066, Z: NaN",2017-07-24T00:00:00.0000000,AB4117,SAN PEDRO CREEK,CREEK,295,,9208
"X: -13637257.3819714, Y: 4522533.44636066, Z: NaN",2017-07-17T00:00:00.0000000,AB4117,SAN PEDRO CREEK,CREEK,364,,6131
"X: -13637257.3819714, Y: 4522533.44636066, Z: NaN",2017-07-10T00:00:00.0000000,AB4117,SAN PEDRO CREEK,CREEK,364,,7270
"X: -13637257.3819714, Y: 4522533.44636066, Z: NaN",2017-07-03T00:00:00.0000000,AB4117,SAN PEDRO CREEK,CREEK,767,,4106
"X: -13637257.3819714, Y: 4522533.44636066, Z: NaN",2017-06-26T00:00:00.0000000,AB4117,SAN PEDRO CREEK,CREEK,776,,8164
"X: -13637257.3819714, Y: 4522533.44636066, Z: NaN",2017-06-19T00:00:00.0000000,AB4117,SAN PEDRO CREEK,CREEK,211,,12997
"X: -13637257.3819714, Y: 4522533.44636066, Z: NaN",2017-06-12T00:00:00.0000000,AB4117,SAN PEDRO CREEK,CREEK,279,,4884
"X: -13637257.3819714, Y: 4522533.44636066, Z: NaN",2017-06-05T00:00:00.0000000,AB4117,SAN PEDRO CREEK,CREEK,426,,3968
"X: -13637257.3819714, Y: 4522533.44636066, Z: NaN",2017-05-30T00:00:00.0000000,AB4117,SAN PEDRO CREEK,CREEK,246,,11199
"X: -13637257.3819714, Y: 4522533.44636066, Z: NaN",2017-05-22T00:00:00.0000000,AB4117,SAN PEDRO CREEK,CREEK,717,,5172
"X: -13637257.3819714, Y: 4522533.44636066, Z: NaN",2017-05-15T00:00:00.0000000,AB4117,SAN PEDRO CREEK,CREEK,480,,8164
"X: -13637257.3819714, Y: 4522533.44636066, Z: NaN",2017-05-08T00:00:00.0000000,AB4117,SAN PEDRO CREEK,CREEK,259,,6131
"X: -13637257.3819714, Y: 4522533.44636066, Z: NaN",2017-05-01T00:00:00.0000000,AB4117,SAN PEDRO CREEK,CREEK,203,,4106
"X: -13637257.3819714, Y: 4522533.44636066, Z: NaN",2017-04-24T00:00:00.0000000,AB4117,SAN PEDRO CREEK,CREEK,189,,7270
"X: -13637257.3819714, Y: 4522533.44636066, Z: NaN",2017-04-17T00:00:00.0000000,AB4117,SAN PEDRO CREEK,CREEK,471,,24196
"X: -13637257.3819714, Y: 4522533.44636066, Z: NaN",2017-04-10T00:00:00.0000000,AB4117,SAN PEDRO CREEK,CREEK,160,,12997
"X: -13637257.3819714, Y: 4522533.44636066, Z: NaN",2017-04-03T00:00:00.0000000,AB4117,SAN PEDRO CREEK,CREEK,63,,8664
"X: -13637257.3819714, Y: 4522533.44636066, Z: NaN",2017-03-27T00:00:00.0000000,AB4117,SAN PEDRO CREEK,CREEK,201,,5493
"X: -13637257.3819714, Y: 4522533.44636066, Z: NaN",2017-03-20T00:00:00.0000000,AB4117,SAN PEDRO CREEK,CREEK,691,,7270
"X: -13637257.3819714, Y: 4522533.44636066, Z: NaN",2017-03-13T00:00:00.0000000,AB4117,SAN PEDRO CREEK,CREEK,110,,2247
"X: -13637257.3819714, Y: 4522533.44636066, Z: NaN",2017-03-06T00:00:00.0000000,AB4117,SAN PEDRO CREEK,CREEK,9208,,24196
"X: -13637257.3819714, Y: 4522533.44636066, Z: NaN",2017-02-27T00:00:00.0000000,AB4117,SAN PEDRO CREEK,CREEK,63,,3448
"X: -13637257.3819714, Y: 4522533.44636066, Z: NaN",2017-02-21T00:00:00.0000000,AB4117,SAN PEDRO CREEK,CREEK,2282,,24196
"X: -13637257.3819714, Y: 4522533.44636066, Z: NaN",2017-02-13T00:00:00.0000000,AB4117,SAN PEDRO CREEK,CREEK,201,,8664
"X: -13637257.3819714, Y: 4522533.44636066, Z: NaN",2017-02-06T00:00:00.0000000,AB4117,SAN PEDRO CREEK,CREEK,1046,,19863
"X: -13637257.3819714, Y: 4522533.44636066, Z: NaN",2017-01-30T00:00:00.0000000,AB4117,SAN PEDRO CREEK,CREEK,41,,4884
"X: -13637257.3819714, Y: 4522533.44636066, Z: NaN",2017-01-17T00:00:00.0000000,AB4117,SAN PEDRO CREEK,CREEK,158,,2851
"X: -13637257.3819714, Y: 4522533.44636066, Z: NaN",2017-01-09T00:00:00.0000000,AB4117,SAN PEDRO CREEK,CREEK,417,,24196
"X: -13637257.3819714, Y: 4522533.44636066, Z: NaN",2017-01-03T00:00:00.0000000,AB4117,SAN PEDRO CREEK,CREEK,1935,,24196
"X: -13637257.3819714, Y: 4522533.44636066, Z: NaN",2016-12-19T00:00:00.0000000,AB4117,SAN PEDRO CREEK,CREEK,121,,4106
"X: -13637257.3819714, Y: 4522533.44636066, Z: NaN",2016-12-12T00:00:00.0000000,AB4117,SAN PEDRO CREEK,CREEK,393,,8664
"X: -13637257.3819714, Y: 4522533.44636066, Z: NaN",2016-12-05T00:00:00.0000000,AB4117,SAN PEDRO CREEK,CREEK,862,,7270
"X: -13637257.3819714, Y: 4522533.44636066, Z: NaN",2016-11-28T00:00:00.0000000,AB4117,SAN PEDRO CREEK,CREEK,2613,,12997
"X: -13637257.3819714, Y: 4522533.44636066, Z: NaN",2016-11-21T00:00:00.0000000,AB4117,SAN PEDRO CREEK,CREEK,4611,,24196
"X: -13637257.3819714, Y: 4522533.44636066, Z: NaN",2016-11-14T00:00:00.0000000,AB4117,SAN PEDRO CREEK,CREEK,565,,14136
"X: -13637257.3819714, Y: 4522533.44636066, Z: NaN",2016-11-07T00:00:00.0000000,AB4117,SAN PEDRO CREEK,CREEK,798,,12033
"X: -13637257.3819714, Y: 4522533.44636066, Z: NaN",2016-10-31T00:00:00.0000000,AB4117,SAN PEDRO CREEK,CREEK,2400,,24196
"X: -13637257.3819714, Y: 4522533.44636066, Z: NaN",2016-10-24T00:00:00.0000000,AB4117,SAN PEDRO CREEK,CREEK,1043,,14136
"X: -13637257.3819714, Y: 4522533.44636066, Z: NaN",2016-10-17T00:00:00.0000000,AB4117,SAN PEDRO CREEK,CREEK,12997,,24196
"X: -13637257.3819714, Y: 4522533.44636066, Z: NaN",2016-10-11T00:00:00.0000000,AB4117,SAN PEDRO CREEK,CREEK,529,,7701
"X: -13637257.3819714, Y: 4522533.44636066, Z: NaN",2016-10-03T00:00:00.0000000,AB4117,SAN PEDRO CREEK,CREEK,160,,4611
"X: -13637257.3819714, Y: 4522533.44636066, Z: NaN",2016-09-26T00:00:00.0000000,AB4117,SAN PEDRO CREEK,CREEK,218,,3076
"X: -13637257.3819714, Y: 4522533.44636066, Z: NaN",2016-09-19T00:00:00.0000000,AB4117,SAN PEDRO CREEK,CREEK,10,,1500
"X: -13637257.3819714, Y: 4522533.44636066, Z: NaN",2016-09-12T00:00:00.0000000,AB4117,SAN PEDRO CREEK,CREEK,173,,3873
"X: -13637257.3819714, Y: 4522533.44636066, Z: NaN",2016-09-06T00:00:00.0000000,AB4117,SAN PEDRO CREEK,CREEK,638,,4106
"X: -13637257.3819714, Y: 4522533.44636066, Z: NaN",2016-08-29T00:00:00.0000000,AB4117,SAN PEDRO CREEK,CREEK,414,,8164
"X: -13637257.3819714, Y: 4522533.44636066, Z: NaN",2016-08-15T00:00:00.0000000,AB4117,SAN PEDRO CREEK,CREEK,288,,4786
"X: -13637257.3819714, Y: 4522533.44636066, Z: NaN",2016-08-08T00:00:00.0000000,AB4117,SAN PEDRO CREEK,CREEK,259,,5493
"X: -13637257.3819714, Y: 4522533.44636066, Z: NaN",2016-08-01T00:00:00.0000000,AB4117,SAN PEDRO CREEK,CREEK,432,,7270
"X: -13637257.3819714, Y: 4522533.44636066, Z: NaN",2016-07-25T00:00:00.0000000,AB4117,SAN PEDRO CREEK,CREEK,408,,2035
"X: -13637257.3819714, Y: 4522533.44636066, Z: NaN",2016-07-18T00:00:00.0000000,AB4117,SAN PEDRO CREEK,CREEK,408,,4352
"X: -13637257.3819714, Y: 4522533.44636066, Z: NaN",2016-07-11T00:00:00.0000000,AB4117,SAN PEDRO CREEK,CREEK,521,,4884
"X: -13637257.3819714, Y: 4522533.44636066, Z: NaN",2016-07-05T00:00:00.0000000,AB4117,SAN PEDRO CREEK,CREEK,480,,6488
"X: -13637257.3819714, Y: 4522533.44636066, Z: NaN",2016-06-27T00:00:00.0000000,AB4117,SAN PEDRO CREEK,CREEK,644,,5493
"X: -13637257.3819714, Y: 4522533.44636066, Z: NaN",2016-06-20T00:00:00.0000000,AB4117,SAN PEDRO CREEK,CREEK,420,,8664
"X: -13637257.3819714, Y: 4522533.44636066, Z: NaN",2016-06-13T00:00:00.0000000,AB4117,SAN PEDRO CREEK,CREEK,228,,3448
"X: -13637257.3819714, Y: 4522533.44636066, Z: NaN",2016-06-06T00:00:00.0000000,AB4117,SAN PEDRO CREEK,CREEK,160,,4352
"X: -13637257.3819714, Y: 4522533.44636066, Z: NaN",2016-05-31T00:00:00.0000000,AB4117,SAN PEDRO CREEK,CREEK,379,,3255
"X: -13637257.3819714, Y: 4522533.44636066, Z: NaN",2016-05-23T00:00:00.0000000,AB4117,SAN PEDRO CREEK,CREEK,259,,4611
"X: -13637257.3819714, Y: 4522533.44636066, Z: NaN",2016-05-16T00:00:00.0000000,AB4117,SAN PEDRO CREEK,CREEK,594,,6488
"X: -13637257.3819714, Y: 4522533.44636066, Z: NaN",2016-05-09T00:00:00.0000000,AB4117,SAN PEDRO CREEK,CREEK,1872,,8664
"X: -13637257.3819714, Y: 4522533.44636066, Z: NaN",2016-05-02T00:00:00.0000000,AB4117,SAN PEDRO CREEK,CREEK,1050,,8664
"X: -13637257.3819714, Y: 4522533.44636066, Z: NaN",2016-04-25T00:00:00.0000000,AB4117,SAN PEDRO CREEK,CREEK,738,,12997
"X: -13637257.3819714, Y: 4522533.44636066, Z: NaN",2016-04-18T00:00:00.0000000,AB4117,SAN PEDRO CREEK,CREEK,201,,7701
"X: -13637257.3819714, Y: 4522533.44636066, Z: NaN",2016-04-11T00:00:00.0000000,AB4117,SAN PEDRO CREEK,CREEK,481,,19863
"X: -13637257.3819714, Y: 4522533.44636066, Z: NaN",2016-04-04T00:00:00.0000000,AB4117,SAN PEDRO CREEK,CREEK,213,,7701
"X: -13637257.3819714, Y: 4522533.44636066, Z: NaN",2016-03-28T00:00:00.0000000,AB4117,SAN PEDRO CREEK,CREEK,233,,9804
"X: -13637257.3819714, Y: 4522533.44636066, Z: NaN",2016-03-21T00:00:00.0000000,AB4117,SAN PEDRO CREEK,CREEK,213,,17329
"X: -13637257.3819714, Y: 4522533.44636066, Z: NaN",2016-03-14T00:00:00.0000000,AB4117,SAN PEDRO CREEK,CREEK,2143,,24196
"X: -13637257.3819714, Y: 4522533.44636066, Z: NaN",2016-03-07T00:00:00.0000000,AB4117,SAN PEDRO CREEK,CREEK,6131,,24196
"X: -13637257.3819714, Y: 4522533.44636066, Z: NaN",2016-02-29T00:00:00.0000000,AB4117,SAN PEDRO CREEK,CREEK,288,,5794
"X: -13637257.3819714, Y: 4522533.44636066, Z: NaN",2016-02-22T00:00:00.0000000,AB4117,SAN PEDRO CREEK,CREEK,581,,9804
"X: -13637257.3819714, Y: 4522533.44636066, Z: NaN",2016-02-16T00:00:00.0000000,AB4117,SAN PEDRO CREEK,CREEK,435,,3873
"X: -13637257.3819714, Y: 4522533.44636066, Z: NaN",2016-02-08T00:00:00.0000000,AB4117,SAN PEDRO CREEK,CREEK,546,,4884
"X: -13637257.3819714, Y: 4522533.44636066, Z: NaN",2016-02-01T00:00:00.0000000,AB4117,SAN PEDRO CREEK,CREEK,199,,5794
"X: -13637257.3819714, Y: 4522533.44636066, Z: NaN",2016-01-25T00:00:00.0000000,AB4117,SAN PEDRO CREEK,CREEK,231,,2400
"X: -13637257.3819714, Y: 4522533.44636066, Z: NaN",2016-01-19T00:00:00.0000000,AB4117,SAN PEDRO CREEK,CREEK,8664,,24196
"X: -13637257.3819714, Y: 4522533.44636066, Z: NaN",2016-01-11T00:00:00.0000000,AB4117,SAN PEDRO CREEK,CREEK,389,,5172
"X: -13637257.3819714, Y: 4522533.44636066, Z: NaN",2016-01-04T00:00:00.0000000,AB4117,SAN PEDRO CREEK,CREEK,216,,1291
"X: -13637257.3819714, Y: 4522533.44636066, Z: NaN",2015-12-28T00:00:00.0000000,AB4117,SAN PEDRO CREEK,CREEK,1515,,6867
"X: -13637257.3819714, Y: 4522533.44636066, Z: NaN",2015-12-21T00:00:00.0000000,AB4117,SAN PEDRO CREEK,CREEK,4611,,24196
"X: -13637257.3819714, Y: 4522533.44636066, Z: NaN",2015-12-14T00:00:00.0000000,AB4117,SAN PEDRO CREEK,CREEK,4611,,24196
"X: -13637257.3819714, Y: 4522533.44636066, Z: NaN",2015-12-07T00:00:00.0000000,AB4117,SAN PEDRO CREEK,CREEK,4352,,24196
"X: -13637257.3819714, Y: 4522533.44636066, Z: NaN",2015-11-30T00:00:00.0000000,AB4117,SAN PEDRO CREEK,CREEK,576,,5475
"X: -13637257.3819714, Y: 4522533.44636066, Z: NaN",2015-11-23T00:00:00.0000000,AB4117,SAN PEDRO CREEK,CREEK,504,,5475
"X: -13637257.3819714, Y: 4522533.44636066, Z: NaN",2015-11-16T00:00:00.0000000,AB4117,SAN PEDRO CREEK,CREEK,6488,,24196
"X: -13637257.3819714, Y: 4522533.44636066, Z: NaN",2015-11-09T00:00:00.0000000,AB4117,SAN PEDRO CREEK,CREEK,5172,,24196
"X: -13637257.3819714, Y: 4522533.44636066, Z: NaN",2015-11-02T00:00:00.0000000,AB4117,SAN PEDRO CREEK,CREEK,24196,,24196
"X: -13637257.3819714, Y: 4522533.44636066, Z: NaN",2015-10-26T00:00:00.0000000,AB4117,SAN PEDRO CREEK,CREEK,24196,,24196
"X: -13637257.3819714, Y: 4522533.44636066, Z: NaN",2015-10-19T00:00:00.0000000,AB4117,SAN PEDRO CREEK,CREEK,1725,,11199
"X: -13637257.3819714, Y: 4522533.44636066, Z: NaN",2015-10-13T00:00:00.0000000,AB4117,SAN PEDRO CREEK,CREEK,538,,7270
"X: -13637257.3819714, Y: 4522533.44636066, Z: NaN",2015-10-05T00:00:00.0000000,AB4117,SAN PEDRO CREEK,CREEK,496,,8164
"X: -13637257.3819714, Y: 4522533.44636066, Z: NaN",2015-09-28T00:00:00.0000000,AB4117,SAN PEDRO CREEK,CREEK,959,,5794
"X: -13637257.3819714, Y: 4522533.44636066, Z: NaN",2015-09-21T00:00:00.0000000,AB4117,SAN PEDRO CREEK,CREEK,86,,8664
"X: -13637257.3819714, Y: 4522533.44636066, Z: NaN",2015-09-14T00:00:00.0000000,AB4117,SAN PEDRO CREEK,CREEK,393,,7270
"X: -13637257.3819714, Y: 4522533.44636066, Z: NaN",2015-09-08T00:00:00.0000000,AB4117,SAN PEDRO CREEK,CREEK,426,,4106
"X: -13637257.3819714, Y: 4522533.44636066, Z: NaN",2015-08-31T00:00:00.0000000,AB4117,SAN PEDRO CREEK,CREEK,231,,1211
"X: -13637257.3819714, Y: 4522533.44636066, Z: NaN",2015-08-24T00:00:00.0000000,AB4117,SAN PEDRO CREEK,CREEK,228,,5475
"X: -13637257.3819714, Y: 4522533.44636066, Z: NaN",2015-08-17T00:00:00.0000000,AB4117,SAN PEDRO CREEK,CREEK,175,,5794
"X: -13637257.3819714, Y: 4522533.44636066, Z: NaN",2015-08-10T00:00:00.0000000,AB4117,SAN PEDRO CREEK,CREEK,594,,8164
"X: -13637257.3819714, Y: 4522533.44636066, Z: NaN",2015-08-03T00:00:00.0000000,AB4117,SAN PEDRO CREEK,CREEK,216,,10462
"X: -13637257.3819714, Y: 4522533.44636066, Z: NaN",2015-07-27T00:00:00.0000000,AB4117,SAN PEDRO CREEK,CREEK,158,,6448
"X: -13637257.3819714, Y: 4522533.44636066, Z: NaN",2015-07-20T00:00:00.0000000,AB4117,SAN PEDRO CREEK,CREEK,355,,19863
"X: -13637257.3819714, Y: 4522533.44636066, Z: NaN",2015-07-13T00:00:00.0000000,AB4117,SAN PEDRO CREEK,CREEK,1414,,7701
"X: -13637257.3819714, Y: 4522533.44636066, Z: NaN",2015-07-06T00:00:00.0000000,AB4117,SAN PEDRO CREEK,CREEK,670,,4352
"X: -13637257.3819714, Y: 4522533.44636066, Z: NaN",2015-06-29T00:00:00.0000000,AB4117,SAN PEDRO CREEK,CREEK,443,,4106
"X: -13637257.3819714, Y: 4522533.44636066, Z: NaN",2015-06-22T00:00:00.0000000,AB4117,SAN PEDRO CREEK,CREEK,426,,3448
"X: -13637257.3819714, Y: 4522533.44636066, Z: NaN",2015-06-15T00:00:00.0000000,AB4117,SAN PEDRO CREEK,CREEK,2187,,17329
"X: -13637257.3819714, Y: 4522533.44636066, Z: NaN",2015-06-08T00:00:00.0000000,AB4117,SAN PEDRO CREEK,CREEK,262,,1860
"X: -13637257.3819714, Y: 4522533.44636066, Z: NaN",2015-06-01T00:00:00.0000000,AB4117,SAN PEDRO CREEK,CREEK,373,,2489
"X: -13637257.3819714, Y: 4522533.44636066, Z: NaN",2015-05-26T00:00:00.0000000,AB4117,SAN PEDRO CREEK,CREEK,538,,6488
"X: -13637257.3819714, Y: 4522533.44636066, Z: NaN",2015-05-18T00:00:00.0000000,AB4117,SAN PEDRO CREEK,CREEK,211,,4611
"X: -13637257.3819714, Y: 4522533.44636066, Z: NaN",2015-05-11T00:00:00.0000000,AB4117,SAN PEDRO CREEK,CREEK,295,,3654
"X: -13637257.3819714, Y: 4522533.44636066, Z: NaN",2015-05-04T00:00:00.0000000,AB4117,SAN PEDRO CREEK,CREEK,2247,,4352
"X: -13637257.3819714, Y: 4522533.44636066, Z: NaN",2015-04-27T00:00:00.0000000,AB4117,SAN PEDRO CREEK,CREEK,457,,11199
"X: -13637257.3819714, Y: 4522533.44636066, Z: NaN",2015-04-20T00:00:00.0000000,AB4117,SAN PEDRO CREEK,CREEK,1374,,9804
"X: -13637257.3819714, Y: 4522533.44636066, Z: NaN",2015-04-13T00:00:00.0000000,AB4117,SAN PEDRO CREEK,CREEK,557,,14136
"X: -13637257.3819714, Y: 4522533.44636066, Z: NaN",2015-04-06T00:00:00.0000000,AB4117,SAN PEDRO CREEK,CREEK,3255,,24196
"X: -13637257.3819714, Y: 4522533.44636066, Z: NaN",2015-03-30T00:00:00.0000000,AB4117,SAN PEDRO CREEK,CREEK,691,,4106
"X: -13637257.3819714, Y: 4522533.44636066, Z: NaN",2015-03-23T00:00:00.0000000,AB4117,SAN PEDRO CREEK,CREEK,5172,,24196
"X: -13637257.3819714, Y: 4522533.44636066, Z: NaN",2015-03-16T00:00:00.0000000,AB4117,SAN PEDRO CREEK,CREEK,933,,5475
"X: -13637257.3819714, Y: 4522533.44636066, Z: NaN",2015-03-09T00:00:00.0000000,AB4117,SAN PEDRO CREEK,CREEK,323,,3873
"X: -13637257.3819714, Y: 4522533.44636066, Z: NaN",2015-03-02T00:00:00.0000000,AB4117,SAN PEDRO CREEK,CREEK,355,,3654
"X: -13637257.3819714, Y: 4522533.44636066, Z: NaN",2015-02-23T00:00:00.0000000,AB4117,SAN PEDRO CREEK,CREEK,677,,4352
"X: -13637257.3819714, Y: 4522533.44636066, Z: NaN",2015-02-17T00:00:00.0000000,AB4117,SAN PEDRO CREEK,CREEK,464,,8664
"X: -13637257.3819714, Y: 4522533.44636066, Z: NaN",2015-02-09T00:00:00.0000000,AB4117,SAN PEDRO CREEK,CREEK,776,,24196
"X: -13637257.3819714, Y: 4522533.44636066, Z: NaN",2015-02-02T00:00:00.0000000,AB4117,SAN PEDRO CREEK,CREEK,275,,2613
"X: -13637257.3819714, Y: 4522533.44636066, Z: NaN",2015-01-26T00:00:00.0000000,AB4117,SAN PEDRO CREEK,CREEK,637,,2909
"X: -13637257.3819714, Y: 4522533.44636066, Z: NaN",2015-01-20T00:00:00.0000000,AB4117,SAN PEDRO CREEK,CREEK,1664,,8664
"X: -13637257.3819714, Y: 4522533.44636066, Z: NaN",2015-01-12T00:00:00.0000000,AB4117,SAN PEDRO CREEK,CREEK,203,,6867
"X: -13637257.3819714, Y: 4522533.44636066, Z: NaN",2015-01-05T00:00:00.0000000,AB4117,SAN PEDRO CREEK,CREEK,631,,9208
"X: -13637257.3819714, Y: 4522533.44636066, Z: NaN",2014-12-15T00:00:00.0000000,AB4117,SAN PEDRO CREEK,CREEK,24196,,24196
"X: -13637257.3819714, Y: 4522533.44636066, Z: NaN",2014-12-01T00:00:00.0000000,AB4117,SAN PEDRO CREEK,CREEK,6867,,24196
"X: -13637257.3819714, Y: 4522533.44636066, Z: NaN",2014-11-24T00:00:00.0000000,AB4117,SAN PEDRO CREEK,CREEK,1178,,12033
"X: -13637257.3819714, Y: 4522533.44636066, Z: NaN",2014-11-17T00:00:00.0000000,AB4117,SAN PEDRO CREEK,CREEK,10,,10
"X: -13637257.3819714, Y: 4522533.44636066, Z: NaN",2014-11-10T00:00:00.0000000,AB4117,SAN PEDRO CREEK,CREEK,932,,3873
"X: -13637257.3819714, Y: 4522533.44636066, Z: NaN",2014-11-03T00:00:00.0000000,AB4117,SAN PEDRO CREEK,CREEK,1670,,9208
"X: -13637257.3819714, Y: 4522533.44636066, Z: NaN",2014-10-27T00:00:00.0000000,AB4117,SAN PEDRO CREEK,CREEK,3873,,24196
"X: -13637257.3819714, Y: 4522533.44636066, Z: NaN",2014-10-20T00:00:00.0000000,AB4117,SAN PEDRO CREEK,CREEK,336,,24196
"X: -13637257.3819714, Y: 4522533.44636066, Z: NaN",2014-10-06T00:00:00.0000000,AB4117,SAN PEDRO CREEK,CREEK,450,,5794
"X: -13637257.3819714, Y: 4522533.44636066, Z: NaN",2014-09-29T00:00:00.0000000,AB4117,SAN PEDRO CREEK,CREEK,4160,,19863
"X: -13637257.3819714, Y: 4522533.44636066, Z: NaN",2014-09-22T00:00:00.0000000,AB4117,SAN PEDRO CREEK,CREEK,1722,,7270
"X: -13637257.3819714, Y: 4522533.44636066, Z: NaN",2014-09-15T00:00:00.0000000,AB4117,SAN PEDRO CREEK,CREEK,2481,,24196
"X: -13637257.3819714, Y: 4522533.44636066, Z: NaN",2014-09-02T00:00:00.0000000,AB4117,SAN PEDRO CREEK,CREEK,1178,,12997
"X: -13637257.3819714, Y: 4522533.44636066, Z: NaN",2014-08-25T00:00:00.0000000,AB4117,SAN PEDRO CREEK,CREEK,988,,10462
"X: -13637257.3819714, Y: 4522533.44636066, Z: NaN",2014-08-18T00:00:00.0000000,AB4117,SAN PEDRO CREEK,CREEK,1086,,7270
"X: -13637257.3819714, Y: 4522533.44636066, Z: NaN",2014-08-11T00:00:00.0000000,AB4117,SAN PEDRO CREEK,CREEK,1076,,5794
"X: -13637257.3819714, Y: 4522533.44636066, Z: NaN",2014-08-04T00:00:00.0000000,AB4117,SAN PEDRO CREEK,CREEK,457,,11199
"X: -13637257.3819714, Y: 4522533.44636066, Z: NaN",2014-07-28T00:00:00.0000000,AB4117,SAN PEDRO CREEK,CREEK,2755,,24196
"X: -13637257.3819714, Y: 4522533.44636066, Z: NaN",2014-07-21T00:00:00.0000000,AB4117,SAN PEDRO CREEK,CREEK,5172,,24196
"X: -13637257.3819714, Y: 4522533.44636066, Z: NaN",2014-07-14T00:00:00.0000000,AB4117,SAN PEDRO CREEK,CREEK,677,,19863
"X: -13637257.3819714, Y: 4522533.44636066, Z: NaN",2014-07-07T00:00:00.0000000,AB4117,SAN PEDRO CREEK,CREEK,650,,5475
"X: -13637257.3819714, Y: 4522533.44636066, Z: NaN",2014-06-30T00:00:00.0000000,AB4117,SAN PEDRO CREEK,CREEK,2603,,24196
"X: -13637257.3819714, Y: 4522533.44636066, Z: NaN",2014-06-23T00:00:00.0000000,AB4117,SAN PEDRO CREEK,CREEK,512,,4884
"X: -13637257.3819714, Y: 4522533.44636066, Z: NaN",2014-06-16T00:00:00.0000000,AB4117,SAN PEDRO CREEK,CREEK,426,,5794
"X: -13637257.3819714, Y: 4522533.44636066, Z: NaN",2014-06-09T00:00:00.0000000,AB4117,SAN PEDRO CREEK,CREEK,305,,3873
"X: -13637257.3819714, Y: 4522533.44636066, Z: NaN",2014-06-02T00:00:00.0000000,AB4117,SAN PEDRO CREEK,CREEK,556,,2613
"X: -13637257.3819714, Y: 4522533.44636066, Z: NaN",2014-05-19T00:00:00.0000000,AB4117,SAN PEDRO CREEK,CREEK,216,,3873
"X: -13637257.3819714, Y: 4522533.44636066, Z: NaN",2014-05-19T00:00:00.0000000,AB4117,SAN PEDRO CREEK,CREEK,216,,3873
"X: -13637257.3819714, Y: 4522533.44636066, Z: NaN",2014-05-12T00:00:00.0000000,AB4117,SAN PEDRO CREEK,CREEK,836,,4611
"X: -13637257.3819714, Y: 4522533.44636066, Z: NaN",2014-05-05T00:00:00.0000000,AB4117,SAN PEDRO CREEK,CREEK,548,,6867
"X: -13637257.3819714, Y: 4522533.44636066, Z: NaN",2014-04-28T00:00:00.0000000,AB4117,SAN PEDRO CREEK,CREEK,364,,6867
"X: -13637257.3819714, Y: 4522533.44636066, Z: NaN",2014-04-21T00:00:00.0000000,AB4117,SAN PEDRO CREEK,CREEK,624,,8664
"X: -13637257.3819714, Y: 4522533.44636066, Z: NaN",2014-04-14T00:00:00.0000000,AB4117,SAN PEDRO CREEK,CREEK,504,,3873
"X: -13637257.3819714, Y: 4522533.44636066, Z: NaN",2014-04-07T00:00:00.0000000,AB4117,SAN PEDRO CREEK,CREEK,399,,3654
"X: -13637257.3819714, Y: 4522533.44636066, Z: NaN",2014-03-31T00:00:00.0000000,AB4117,SAN PEDRO CREEK,CREEK,1076,,24196
"X: -13637257.3819714, Y: 4522533.44636066, Z: NaN",2014-03-24T00:00:00.0000000,AB4117,SAN PEDRO CREEK,CREEK,275,,4884
"X: -13637257.3819714, Y: 4522533.44636066, Z: NaN",2014-03-17T00:00:00.0000000,AB4117,SAN PEDRO CREEK,CREEK,110,,4884
"X: -13637257.3819714, Y: 4522533.44636066, Z: NaN",2014-03-10T00:00:00.0000000,AB4117,SAN PEDRO CREEK,CREEK,341,,6488
"X: -13637257.3819714, Y: 4522533.44636066, Z: NaN",2014-03-03T00:00:00.0000000,AB4117,SAN PEDRO CREEK,CREEK,246,,5475
"X: -13637257.3819714, Y: 4522533.44636066, Z: NaN",2014-02-24T00:00:00.0000000,AB4117,SAN PEDRO CREEK,CREEK,399,,4611
"X: -13637257.3819714, Y: 4522533.44636066, Z: NaN",2014-02-18T00:00:00.0000000,AB4117,SAN PEDRO CREEK,CREEK,243,,3076
"X: -13637257.3819714, Y: 4522533.44636066, Z: NaN",2014-02-10T00:00:00.0000000,AB4117,SAN PEDRO CREEK,CREEK,908,,24916
"X: -13637257.3819714, Y: 4522533.44636066, Z: NaN",2014-02-03T00:00:00.0000000,AB4117,SAN PEDRO CREEK,CREEK,2014,,12033
"X: -13637257.3819714, Y: 4522533.44636066, Z: NaN",2014-01-27T00:00:00.0000000,AB4117,SAN PEDRO CREEK,CREEK,1500,,2909
"X: -13637257.3819714, Y: 4522533.44636066, Z: NaN",2014-01-13T00:00:00.0000000,AB4117,SAN PEDRO CREEK,CREEK,213,,2333
"X: -13637257.3819714, Y: 4522533.44636066, Z: NaN",2014-01-06T00:00:00.0000000,AB4117,SAN PEDRO CREEK,CREEK,789,,2603
"X: -13637257.3819714, Y: 4522533.44636066, Z: NaN",2013-12-30T00:00:00.0000000,AB4117,SAN PEDRO CREEK,CREEK,2723,,2909
"X: -13637257.3819714, Y: 4522533.44636066, Z: NaN",2013-12-23T00:00:00.0000000,AB4117,SAN PEDRO CREEK,CREEK,259,,780
"X: -13637257.3819714, Y: 4522533.44636066, Z: NaN",2013-12-16T00:00:00.0000000,AB4117,SAN PEDRO CREEK,CREEK,272,,2187
"X: -13637257.3819714, Y: 4522533.44636066, Z: NaN",2013-12-09T00:00:00.0000000,AB4117,SAN PEDRO CREEK,CREEK,754,,4884
"X: -13637257.3819714, Y: 4522533.44636066, Z: NaN",2013-12-02T00:00:00.0000000,AB4117,SAN PEDRO CREEK,CREEK,813,,5475
"X: -13637257.3819714, Y: 4522533.44636066, Z: NaN",2013-11-25T00:00:00.0000000,AB4117,SAN PEDRO CREEK,CREEK,882,,5475
"X: -13637257.3819714, Y: 4522533.44636066, Z: NaN",2013-11-18T00:00:00.0000000,AB4117,SAN PEDRO CREEK,CREEK,414,,2851
"X: -13637257.3819714, Y: 4522533.44636066, Z: NaN",2013-11-12T00:00:00.0000000,AB4117,SAN PEDRO CREEK,CREEK,1050,,6131
"X: -13637257.3819714, Y: 4522533.44636066, Z: NaN",2013-11-04T00:00:00.0000000,AB4117,SAN PEDRO CREEK,CREEK,1119,,6131
"X: -13637257.3819714, Y: 4522533.44636066, Z: NaN",2013-10-28T00:00:00.0000000,AB4117,SAN PEDRO CREEK,CREEK,529,,6488
"X: -13637257.3819714, Y: 4522533.44636066, Z: NaN",2013-10-21T00:00:00.0000000,AB4117,SAN PEDRO CREEK,CREEK,554,,5172
"X: -13637257.3819714, Y: 4522533.44636066, Z: NaN",2013-10-07T00:00:00.0000000,AB4117,SAN PEDRO CREEK,CREEK,1287,,6867
"X: -13637257.3819714, Y: 4522533.44636066, Z: NaN",2013-09-30T00:00:00.0000000,AB4117,SAN PEDRO CREEK,CREEK,1607,,11199
"X: -13637257.3819714, Y: 4522533.44636066, Z: NaN",2013-09-23T00:00:00.0000000,AB4117,SAN PEDRO CREEK,CREEK,4106,,24196
"X: -13637257.3819714, Y: 4522533.44636066, Z: NaN",2013-09-09T00:00:00.0000000,AB4117,SAN PEDRO CREEK,CREEK,620,,19863
"X: -13637257.3819714, Y: 4522533.44636066, Z: NaN",2013-09-03T00:00:00.0000000,AB4117,SAN PEDRO CREEK,CREEK,1050,,6131
"X: -13637257.3819714, Y: 4522533.44636066, Z: NaN",2013-08-26T00:00:00.0000000,AB4117,SAN PEDRO CREEK,CREEK,2481,,9208
"X: -13637257.3819714, Y: 4522533.44636066, Z: NaN",2013-08-19T00:00:00.0000000,AB4117,SAN PEDRO CREEK,CREEK,906,,6131
"X: -13637257.3819714, Y: 4522533.44636066, Z: NaN",2013-08-12T00:00:00.0000000,AB4117,SAN PEDRO CREEK,CREEK,464,,4884
"X: -13637257.3819714, Y: 4522533.44636066, Z: NaN",2013-08-05T00:00:00.0000000,AB4117,SAN PEDRO CREEK,CREEK,341,,6488
"X: -13637257.3819714, Y: 4522533.44636066, Z: NaN",2013-07-29T00:00:00.0000000,AB4117,SAN PEDRO CREEK,CREEK,1354,,9208
"X: -13637257.3819714, Y: 4522533.44636066, Z: NaN",2013-07-22T00:00:00.0000000,AB4117,SAN PEDRO CREEK,CREEK,1236,,8664
"X: -13637257.3819714, Y: 4522533.44636066, Z: NaN",2013-07-15T00:00:00.0000000,AB4117,SAN PEDRO CREEK,CREEK,110,,384
"X: -13637257.3819714, Y: 4522533.44636066, Z: NaN",2013-07-08T00:00:00.0000000,AB4117,SAN PEDRO CREEK,CREEK,1198,,6131
"X: -13637257.3819714, Y: 4522533.44636066, Z: NaN",2013-07-01T00:00:00.0000000,AB4117,SAN PEDRO CREEK,CREEK,495,,8446
"X: -13637257.3819714, Y: 4522533.44636066, Z: NaN",2013-06-24T00:00:00.0000000,AB4117,SAN PEDRO CREEK,CREEK,1664,,8664
"X: -13637257.3819714, Y: 4522533.44636066, Z: NaN",2013-06-17T00:00:00.0000000,AB4117,SAN PEDRO CREEK,CREEK,389,,5794
"X: -13637257.3819714, Y: 4522533.44636066, Z: NaN",2013-06-10T00:00:00.0000000,AB4117,SAN PEDRO CREEK,CREEK,384,,7701
"X: -13637257.3819714, Y: 4522533.44636066, Z: NaN",2013-06-03T00:00:00.0000000,AB4117,SAN PEDRO CREEK,CREEK,464,,5794
"X: -13637257.3819714, Y: 4522533.44636066, Z: NaN",2013-05-28T00:00:00.0000000,AB4117,SAN PEDRO CREEK,CREEK,813,,24196
"X: -13637257.3819714, Y: 4522533.44636066, Z: NaN",2013-05-20T00:00:00.0000000,AB4117,SAN PEDRO CREEK,CREEK,441,,5172
"X: -13637257.3819714, Y: 4522533.44636066, Z: NaN",2013-05-13T00:00:00.0000000,AB4117,SAN PEDRO CREEK,CREEK,548,,3448
"X: -13637257.3819714, Y: 4522533.44636066, Z: NaN",2013-05-06T00:00:00.0000000,AB4117,SAN PEDRO CREEK,CREEK,754,,6867
"X: -13637257.3819714, Y: 4522533.44636066, Z: NaN",2013-04-29T00:00:00.0000000,AB4117,SAN PEDRO CREEK,CREEK,241,,3654
"X: -13637257.3819714, Y: 4522533.44636066, Z: NaN",2013-04-22T00:00:00.0000000,AB4117,SAN PEDRO CREEK,CREEK,359,,1576
"X: -13637257.3819714, Y: 4522533.44636066, Z: NaN",2013-04-15T00:00:00.0000000,AB4117,SAN PEDRO CREEK,CREEK,158,,3282
"X: -13637257.3819714, Y: 4522533.44636066, Z: NaN",2013-04-08T00:00:00.0000000,AB4117,SAN PEDRO CREEK,CREEK,327,,2382
"X: -13637257.3819714, Y: 4522533.44636066, Z: NaN",2013-04-01T00:00:00.0000000,AB4117,SAN PEDRO CREEK,CREEK,2613,,19863
"X: -13637257.3819714, Y: 4522533.44636066, Z: NaN",2013-03-25T00:00:00.0000000,AB4117,SAN PEDRO CREEK,CREEK,213,,1450
"X: -13637257.3819714, Y: 4522533.44636066, Z: NaN",2013-03-18T00:00:00.0000000,AB4117,SAN PEDRO CREEK,CREEK,309,,3448
"X: -13637257.3819714, Y: 4522533.44636066, Z: NaN",2013-03-11T00:00:00.0000000,AB4117,SAN PEDRO CREEK,CREEK,428,,3448
"X: -13637257.3819714, Y: 4522533.44636066, Z: NaN",2013-03-04T00:00:00.0000000,AB4117,SAN PEDRO CREEK,CREEK,134,,2613
"X: -13637257.3819714, Y: 4522533.44636066, Z: NaN",2013-02-25T00:00:00.0000000,AB4117,SAN PEDRO CREEK,CREEK,213,,3255
"X: -13637257.3819714, Y: 4522533.44636066, Z: NaN",2013-02-19T00:00:00.0000000,AB4117,SAN PEDRO CREEK,CREEK,6488,,24196
"X: -13637257.3819714, Y: 4522533.44636066, Z: NaN",2013-02-11T00:00:00.0000000,AB4117,SAN PEDRO CREEK,CREEK,670,,7270
"X: -13637257.3819714, Y: 4522533.44636066, Z: NaN",2013-02-04T00:00:00.0000000,AB4117,SAN PEDRO CREEK,CREEK,435,,4106
"X: -13637257.3819714, Y: 4522533.44636066, Z: NaN",2013-01-28T00:00:00.0000000,AB4117,SAN PEDRO CREEK,CREEK,305,,2603
"X: -13637257.3819714, Y: 4522533.44636066, Z: NaN",2013-01-22T00:00:00.0000000,AB4117,SAN PEDRO CREEK,CREEK,355,,2359
"X: -13637257.3819714, Y: 4522533.44636066, Z: NaN",2013-01-14T00:00:00.0000000,AB4117,SAN PEDRO CREEK,CREEK,269,,2014
"X: -13637257.3819714, Y: 4522533.44636066, Z: NaN",2013-01-07T00:00:00.0000000,AB4117,SAN PEDRO CREEK,CREEK,73,,1725
"X: -13637257.3819714, Y: 4522533.44636066, Z: NaN",2012-12-17T00:00:00.0000000,AB4117,SAN PEDRO CREEK,CREEK,5475,4611,24196
"X: -13637257.3819714, Y: 4522533.44636066, Z: NaN",2012-12-10T00:00:00.0000000,AB4117,SAN PEDRO CREEK,CREEK,203,,8664
"X: -13637257.3819714, Y: 4522533.44636066, Z: NaN",2012-12-03T00:00:00.0000000,AB4117,SAN PEDRO CREEK,CREEK,2105,,24196
"X: -13637257.3819714, Y: 4522533.44636066, Z: NaN",2012-11-26T00:00:00.0000000,AB4117,SAN PEDRO CREEK,CREEK,1391,,4611
"X: -13637257.3819714, Y: 4522533.44636066, Z: NaN",2012-11-19T00:00:00.0000000,AB4117,SAN PEDRO CREEK,CREEK,1597,,9208
"X: -13637257.3819714, Y: 4522533.44636066, Z: NaN",2012-11-13T00:00:00.0000000,AB4117,SAN PEDRO CREEK,CREEK,906,,8664
"X: -13637257.3819714, Y: 4522533.44636066, Z: NaN",2012-11-05T00:00:00.0000000,AB4117,SAN PEDRO CREEK,CREEK,816,,11199
"X: -13637257.3819714, Y: 4522533.44636066, Z: NaN",2012-10-29T00:00:00.0000000,AB4117,SAN PEDRO CREEK,CREEK,395,,9804
"X: -13637257.3819714, Y: 4522533.44636066, Z: NaN",2012-10-22T00:00:00.0000000,AB4117,SAN PEDRO CREEK,CREEK,19863,,24196
"X: -13637257.3819714, Y: 4522533.44636066, Z: NaN",2012-10-15T00:00:00.0000000,AB4117,SAN PEDRO CREEK,CREEK,1374,,10462
"X: -13637257.3819714, Y: 4522533.44636066, Z: NaN",2012-10-09T00:00:00.0000000,AB4117,SAN PEDRO CREEK,CREEK,884,,4360
"X: -13637257.3819714, Y: 4522533.44636066, Z: NaN",2012-10-01T00:00:00.0000000,AB4117,SAN PEDRO CREEK,CREEK,663,,9208
"X: -13637257.3819714, Y: 4522533.44636066, Z: NaN",2012-09-10T00:00:00.0000000,AB4117,SAN PEDRO CREEK,CREEK,1722,,10462
"X: -13637257.3819714, Y: 4522533.44636066, Z: NaN",2012-09-04T00:00:00.0000000,AB4117,SAN PEDRO CREEK,CREEK,2247,,5475
"X: -13637257.3819714, Y: 4522533.44636066, Z: NaN",2012-08-27T00:00:00.0000000,AB4117,SAN PEDRO CREEK,CREEK,703,,11199
"X: -13637257.3819714, Y: 4522533.44636066, Z: NaN",2012-08-20T00:00:00.0000000,AB4117,SAN PEDRO CREEK,CREEK,435,,7270
"X: -13637257.3819714, Y: 4522533.44636066, Z: NaN",2012-08-13T00:00:00.0000000,AB4117,SAN PEDRO CREEK,CREEK,1565,,9804
"X: -13637257.3819714, Y: 4522533.44636066, Z: NaN",2012-08-06T00:00:00.0000000,AB4117,SAN PEDRO CREEK,CREEK,223,,2755
"X: -13637257.3819714, Y: 4522533.44636066, Z: NaN",2012-07-30T00:00:00.0000000,AB4117,SAN PEDRO CREEK,CREEK,480,,4106
"X: -13637257.3819714, Y: 4522533.44636066, Z: NaN",2012-07-23T00:00:00.0000000,AB4117,SAN PEDRO CREEK,CREEK,776,,6294
"X: -13637257.3819714, Y: 4522533.44636066, Z: NaN",2012-07-16T00:00:00.0000000,AB4117,SAN PEDRO CREEK,CREEK,785,,10462
"X: -13637257.3819714, Y: 4522533.44636066, Z: NaN",2012-07-02T00:00:00.0000000,AB4117,SAN PEDRO CREEK,CREEK,657,,12033
"X: -13637257.3819714, Y: 4522533.44636066, Z: NaN",2012-06-25T00:00:00.0000000,AB4117,SAN PEDRO CREEK,CREEK,135,,6488
"X: -13637257.3819714, Y: 4522533.44636066, Z: NaN",2012-06-18T00:00:00.0000000,AB4117,SAN PEDRO CREEK,CREEK,1236,,3255
"X: -13637257.3819714, Y: 4522533.44636066, Z: NaN",2012-06-11T00:00:00.0000000,AB4117,SAN PEDRO CREEK,CREEK,373,,5172
"X: -13637257.3819714, Y: 4522533.44636066, Z: NaN",2012-06-04T00:00:00.0000000,AB4117,SAN PEDRO CREEK,CREEK,2187,,14136
"X: -13637257.3819714, Y: 4522533.44636066, Z: NaN",2012-05-29T00:00:00.0000000,AB4117,SAN PEDRO CREEK,CREEK,256,,4884
"X: -13637257.3819714, Y: 4522533.44636066, Z: NaN",2012-05-21T00:00:00.0000000,AB4117,SAN PEDRO CREEK,CREEK,691,,10462
"X: -13637257.3819714, Y: 4522533.44636066, Z: NaN",2012-05-14T00:00:00.0000000,AB4117,SAN PEDRO CREEK,CREEK,464,,3130
"X: -13637257.3819714, Y: 4522533.44636066, Z: NaN",2012-04-02T00:00:00.0000000,AB4117,SAN PEDRO CREEK,CREEK,272,,4352
"X: -13637257.3819714, Y: 4522533.44636066, Z: NaN",2012-03-26T00:00:00.0000000,AB4117,SAN PEDRO CREEK,CREEK,3282,,9606
"X: -13637257.3819714, Y: 4522533.44636066, Z: NaN",2012-03-19T00:00:00.0000000,AB4117,SAN PEDRO CREEK,CREEK,404,,24196
"X: -13637257.3819714, Y: 4522533.44636066, Z: NaN",2012-03-12T00:00:00.0000000,AB4117,SAN PEDRO CREEK,CREEK,2489,,6867
"X: -13637257.3819714, Y: 4522533.44636066, Z: NaN",2012-03-05T00:00:00.0000000,AB4117,SAN PEDRO CREEK,CREEK,323,,3255
"X: -13637257.3819714, Y: 4522533.44636066, Z: NaN",2012-02-27T00:00:00.0000000,AB4117,SAN PEDRO CREEK,CREEK,1291,,2909
"X: -13637257.3819714, Y: 4522533.44636066, Z: NaN",2012-02-21T00:00:00.0000000,AB4117,SAN PEDRO CREEK,CREEK,241,,2495
"X: -13637257.3819714, Y: 4522533.44636066, Z: NaN",2012-02-14T00:00:00.0000000,AB4117,SAN PEDRO CREEK,CREEK,1723,,9208
"X: -13637257.3819714, Y: 4522533.44636066, Z: NaN",2012-02-06T00:00:00.0000000,AB4117,SAN PEDRO CREEK,CREEK,420,,2489
"X: -13637257.3819714, Y: 4522533.44636066, Z: NaN",2012-01-30T00:00:00.0000000,AB4117,SAN PEDRO CREEK,CREEK,291,,2613
"X: -13637257.3819714, Y: 4522533.44636066, Z: NaN",2012-01-23T00:00:00.0000000,AB4117,SAN PEDRO CREEK,CREEK,933,,24196
"X: -13637257.3819714, Y: 4522533.44636066, Z: NaN",,AB4117,SAN PEDRO CREEK,CREEK,,,
"X: -13637257.3819714, Y: 4522533.44636066, Z: NaN",,AB4117,SAN PEDRO CREEK,CREEK,,,
"X: -13637257.3819714, Y: 4522533.44636066, Z: NaN",,AB4117,SAN PEDRO CREEK,CREEK,,,
"X: -13637257.3819714, Y: 4522533.44636066, Z: NaN",,AB4117,SAN PEDRO CREEK,CREEK,,,
"X: -13637257.3819714, Y: 4522533.44636066, Z: NaN",,AB4117,SAN PEDRO CREEK,CREEK,,,
"X: -13637257.3819714, Y: 4522533.44636066, Z: NaN",,AB4117,SAN PEDRO CREEK,CREEK,,,
"X: -13637257.3819714, Y: 4522533.44636066, Z: NaN",,AB4117,SAN PEDRO CREEK,CREEK,,,
"X: -13637257.3819714, Y: 4522533.44636066, Z: NaN",,AB4117,SAN PEDRO CREEK,CREEK,,,
"X: -13637257.3819714, Y: 4522533.44636066, Z: NaN",,AB4117,SAN PEDRO CREEK,CREEK,,,
"X: -13637257.3819714, Y: 4522533.44636066, Z: NaN",,AB4117,SAN PEDRO CREEK,CREEK,,,
"X: -13637257.3819714, Y: 4522533.44636066, Z: NaN",,AB4117,SAN PEDRO CREEK,CREEK,,,
"X: -13637257.3819714, Y: 4522533.44636066, Z: NaN",,AB4117,SAN PEDRO CREEK,CREEK,,,
"X: -13637257.3819714, Y: 4522533.44636066, Z: NaN",,AB4117,SAN PEDRO CREEK,CREEK,,,
"X: -13637257.3819714, Y: 4522533.44636066, Z: NaN",,AB4117,SAN PEDRO CREEK,CREEK,,,
"X: -13637257.3819714, Y: 4522533.44636066, Z: NaN",,AB4117,SAN PEDRO CREEK,CREEK,,,
"X: -13637257.3819714, Y: 4522533.44636066, Z: NaN",,AB4117,SAN PEDRO CREEK,CREEK,,,
"X: -13637257.3819714, Y: 4522533.44636066, Z: NaN",,AB4117,SAN PEDRO CREEK,CREEK,,,
"X: -13637257.3819714, Y: 4522533.44636066, Z: NaN",,AB4117,SAN PEDRO CREEK,CREEK,,,
"X: -13637257.3819714, Y: 4522533.44636066, Z: NaN",,AB4117,SAN PEDRO CREEK,CREEK,,,
"X: -13637257.3819714, Y: 4522533.44636066, Z: NaN",,AB4117,SAN PEDRO CREEK,CREEK,,,
"X: -13637257.3819714, Y: 4522533.44636066, Z: NaN",,AB4117,SAN PEDRO CREEK,CREEK,,,
"X: -13637257.3819714, Y: 4522533.44636066, Z: NaN",,AB4117,SAN PEDRO CREEK,CREEK,,,
"X: -13637257.3819714, Y: 4522533.44636066, Z: NaN",,AB4117,SAN PEDRO CREEK,CREEK,,,
"X: -13637257.3819714, Y: 4522533.44636066, Z: NaN",,AB4117,SAN PEDRO CREEK,CREEK,,,
"X: -13637257.3819714, Y: 4522533.44636066, Z: NaN",,AB4117,SAN PEDRO CREEK,CREEK,,,
"X: -13637257.3819714, Y: 4522533.44636066, Z: NaN",,AB4117,SAN PEDRO CREEK,CREEK,,,
"X: -13637257.3819714, Y: 4522533.44636066, Z: NaN",,AB4117,SAN PEDRO CREEK,CREEK,,,
"X: -13637257.3819714, Y: 4522533.44636066, Z: NaN",,AB4117,SAN PEDRO CREEK,CREEK,,,
"X: -13637257.3819714, Y: 4522533.44636066, Z: NaN",,AB4117,SAN PEDRO CREEK,CREEK,,,
"X: -13637257.3819714, Y: 4522533.44636066, Z: NaN",,AB4117,SAN PEDRO CREEK,CREEK,,,
"X: -13637257.3819714, Y: 4522533.44636066, Z: NaN",,AB4117,SAN PEDRO CREEK,CREEK,,,
"X: -13637257.3819714, Y: 4522533.44636066, Z: NaN",,AB4117,SAN PEDRO CREEK,CREEK,,,
"X: -13637257.3819714, Y: 4522533.44636066, Z: NaN",,AB4117,SAN PEDRO CREEK,CREEK,,,
"X: -13637257.3819714, Y: 4522533.44636066, Z: NaN",,AB4117,SAN PEDRO CREEK,CREEK,,,
"X: -13637257.3819714, Y: 4522533.44636066, Z: NaN",,AB4117,SAN PEDRO CREEK,CREEK,,,
"X: -13637257.3819714, Y: 4522533.44636066, Z: NaN",,AB4117,SAN PEDRO CREEK,CREEK,,,
"X: -13637257.3819714, Y: 4522533.44636066, Z: NaN",,AB4117,SAN PEDRO CREEK,CREEK,,,
"X: -13637257.3819714, Y: 4522533.44636066, Z: NaN",,AB4117,SAN PEDRO CREEK,CREEK,,,
"X: -13637257.3819714, Y: 4522533.44636066, Z: NaN",,AB4117,SAN PEDRO CREEK,CREEK,,,
"X: -13637257.3819714, Y: 4522533.44636066, Z: NaN",,AB4117,SAN PEDRO CREEK,CREEK,,,
"X: -13637257.3819714, Y: 4522533.44636066, Z: NaN",,AB4117,SAN PEDRO CREEK,CREEK,,,
"X: -13637257.3819714, Y: 4522533.44636066, Z: NaN",,AB4117,SAN PEDRO CREEK,CREEK,,,
"X: -13637257.3819714, Y: 4522533.44636066, Z: NaN",,AB4117,SAN PEDRO CREEK,CREEK,,,
"X: -13637257.3819714, Y: 4522533.44636066, Z: NaN",,AB4117,SAN PEDRO CREEK,CREEK,,,
"X: -13637257.3819714, Y: 4522533.44636066, Z: NaN",,AB4117,SAN PEDRO CREEK,CREEK,,,
"X: -13637257.3819714, Y: 4522533.44636066, Z: NaN",,AB4117,SAN PEDRO CREEK,CREEK,,,
"X: -13637257.3819714, Y: 4522533.44636066, Z: NaN",,AB4117,SAN PEDRO CREEK,CREEK,,,
"X: -13637257.3819714, Y: 4522533.44636066, Z: NaN",,AB4117,SAN PEDRO CREEK,CREEK,,,
"X: -13637257.3819714, Y: 4522533.44636066, Z: NaN",,AB4117,SAN PEDRO CREEK,CREEK,,,
"X: -13637257.3819714, Y: 4522533.44636066, Z: NaN",,AB4117,SAN PEDRO CREEK,CREEK,,,
"X: -13637257.3819714, Y: 4522533.44636066, Z: NaN",,AB4117,SAN PEDRO CREEK,CREEK,,,
"X: -13637257.3819714, Y: 4522533.44636066, Z: NaN",,AB4117,SAN PEDRO CREEK,CREEK,,,
"X: -13637257.3819714, Y: 4522533.44636066, Z: NaN",,AB4117,SAN PEDRO CREEK,CREEK,,,
"X: -13637257.3819714, Y: 4522533.44636066, Z: NaN",,AB4117,SAN PEDRO CREEK,CREEK,,,
"X: -13637257.3819714, Y: 4522533.44636066, Z: NaN",,AB4117,SAN PEDRO CREEK,CREEK,,,
"X: -13637257.3819714, Y: 4522533.44636066, Z: NaN",,AB4117,SAN PEDRO CREEK,CREEK,,,
"X: -13637257.3819714, Y: 4522533.44636066, Z: NaN",,AB4117,SAN PEDRO CREEK,CREEK,,,
"X: -13637257.3819714, Y: 4522533.44636066, Z: NaN",,AB4117,SAN PEDRO CREEK,CREEK,,,
"X: -13637257.3819714, Y: 4522533.44636066, Z: NaN",,AB4117,SAN PEDRO CREEK,CREEK,,,
"X: -13637257.3819714, Y: 4522533.44636066, Z: NaN",,AB4117,SAN PEDRO CREEK,CREEK,,,
"X: -13637257.3819714, Y: 4522533.44636066, Z: NaN",,AB4117,SAN PEDRO CREEK,CREEK,,,
"X: -13637257.3819714, Y: 4522533.44636066, Z: NaN",,AB4117,SAN PEDRO CREEK,CREEK,,,
"X: -13637257.3819714, Y: 4522533.44636066, Z: NaN",,AB4117,SAN PEDRO CREEK,CREEK,,,
"X: -13637257.3819714, Y: 4522533.44636066, Z: NaN",,AB4117,SAN PEDRO CREEK,CREEK,,,
"X: -13637257.3819714, Y: 4522533.44636066, Z: NaN",,AB4117,SAN PEDRO CREEK,CREEK,,,
"X: -13637257.3819714, Y: 4522533.44636066, Z: NaN",,AB4117,SAN PEDRO CREEK,CREEK,,,
"X: -13637257.3819714, Y: 4522533.44636066, Z: NaN",,AB4117,SAN PEDRO CREEK,CREEK,,,
"X: -13637257.3819714, Y: 4522533.44636066, Z: NaN",,AB4117,SAN PEDRO CREEK,CREEK,,,
"X: -13637257.3819714, Y: 4522533.44636066, Z: NaN",,AB4117,SAN PEDRO CREEK,CREEK,,,
"X: -13637257.3819714, Y: 4522533.44636066, Z: NaN",,AB4117,SAN PEDRO CREEK,CREEK,,,
"X: -13637257.3819714, Y: 4522533.44636066, Z: NaN",,AB4117,SAN PEDRO CREEK,CREEK,,,
"X: -13637257.3819714, Y: 4522533.44636066, Z: NaN",,AB4117,SAN PEDRO CREEK,CREEK,,,
"X: -13637257.3819714, Y: 4522533.44636066, Z: NaN",,AB4117,SAN PEDRO CREEK,CREEK,,,
"X: -13637257.3819714, Y: 4522533.44636066, Z: NaN",,AB4117,SAN PEDRO CREEK,CREEK,,,
"X: -13637257.3819714, Y: 4522533.44636066, Z: NaN",,AB4117,SAN PEDRO CREEK,CREEK,,,
"X: -13637257.3819714, Y: 4522533.44636066, Z: NaN",,AB4117,SAN PEDRO CREEK,CREEK,,,
"X: -13637257.3819714, Y: 4522533.44636066, Z: NaN",,AB4117,SAN PEDRO CREEK,CREEK,,,
"X: -13637257.3819714, Y: 4522533.44636066, Z: NaN",,AB4117,SAN PEDRO CREEK,CREEK,,,
"X: -13637257.3819714, Y: 4522533.44636066, Z: NaN",,AB4117,SAN PEDRO CREEK,CREEK,,,
"X: -13637257.3819714, Y: 4522533.44636066, Z: NaN",,AB4117,SAN PEDRO CREEK,CREEK,,,
"X: -13637257.3819714, Y: 4522533.44636066, Z: NaN",,AB4117,SAN PEDRO CREEK,CREEK,,,
"X: -13637257.3819714, Y: 4522533.44636066, Z: NaN",,AB4117,SAN PEDRO CREEK,CREEK,,,
"X: -13637257.3819714, Y: 4522533.44636066, Z: NaN",,AB4117,SAN PEDRO CREEK,CREEK,,,
"X: -13637257.3819714, Y: 4522533.44636066, Z: NaN",,AB4117,SAN PEDRO CREEK,CREEK,,,
"X: -13637257.3819714, Y: 4522533.44636066, Z: NaN",,AB4117,SAN PEDRO CREEK,CREEK,,,
"X: -13637257.3819714, Y: 4522533.44636066, Z: NaN",,AB4117,SAN PEDRO CREEK,CREEK,,,
"X: -13637257.3819714, Y: 4522533.44636066, Z: NaN",,AB4117,SAN PEDRO CREEK,CREEK,,,
"X: -13637257.3819714, Y: 4522533.44636066, Z: NaN",,AB4117,SAN PEDRO CREEK,CREEK,,,
"X: -13637257.3819714, Y: 4522533.44636066, Z: NaN",,AB4117,SAN PEDRO CREEK,CREEK,,,
"X: -13637257.3819714, Y: 4522533.44636066, Z: NaN",,AB4117,SAN PEDRO CREEK,CREEK,,,
"X: -13637257.3819714, Y: 4522533.44636066, Z: NaN",,AB4117,SAN PEDRO CREEK,CREEK,,,
"X: -13637257.3819714, Y: 4522533.44636066, Z: NaN",,AB4117,SAN PEDRO CREEK,CREEK,,,
"X: -13637257.3819714, Y: 4522533.44636066, Z: NaN",,AB4117,SAN PEDRO CREEK,CREEK,,,
"X: -13637257.3819714, Y: 4522533.44636066, Z: NaN",,AB4117,SAN PEDRO CREEK,CREEK,,,
"X: -13637257.3819714, Y: 4522533.44636066, Z: NaN",,AB4117,SAN PEDRO CREEK,CREEK,,,
"X: -13637257.3819714, Y: 4522533.44636066, Z: NaN",,AB4117,SAN PEDRO CREEK,CREEK,,,
"X: -13637257.3819714, Y: 4522533.44636066, Z: NaN",,AB4117,SAN PEDRO CREEK,CREEK,,,
"X: -13637257.3819714, Y: 4522533.44636066, Z: NaN",,AB4117,SAN PEDRO CREEK,CREEK,,,
"X: -13637257.3819714, Y: 4522533.44636066, Z: NaN",,AB4117,SAN PEDRO CREEK,CREEK,,,
"X: -13637257.3819714, Y: 4522533.44636066, Z: NaN",,AB4117,SAN PEDRO CREEK,CREEK,,,
"X: -13637257.3819714, Y: 4522533.44636066, Z: NaN",,AB4117,SAN PEDRO CREEK,CREEK,,,
"X: -13637257.3819714, Y: 4522533.44636066, Z: NaN",,AB4117,SAN PEDRO CREEK,CREEK,,,
"X: -13637257.3819714, Y: 4522533.44636066, Z: NaN",,AB4117,SAN PEDRO CREEK,CREEK,,,
"X: -13637257.3819714, Y: 4522533.44636066, Z: NaN",,AB4117,SAN PEDRO CREEK,CREEK,,,
"X: -13637257.3819714, Y: 4522533.44636066, Z: NaN",,AB4117,SAN PEDRO CREEK,CREEK,,,
"X: -13637257.3819714, Y: 4522533.44636066, Z: NaN",,AB4117,SAN PEDRO CREEK,CREEK,,,
"X: -13637257.3819714, Y: 4522533.44636066, Z: NaN",,AB4117,SAN PEDRO CREEK,CREEK,,,
"X: -13637257.3819714, Y: 4522533.44636066, Z: NaN",,AB4117,SAN PEDRO CREEK,CREEK,,,
"X: -13637257.3819714, Y: 4522533.44636066, Z: NaN",,AB4117,SAN PEDRO CREEK,CREEK,,,
"X: -13637257.3819714, Y: 4522533.44636066, Z: NaN",,AB4117,SAN PEDRO CREEK,CREEK,,,
"X: -13637257.3819714, Y: 4522533.44636066, Z: NaN",,AB4117,SAN PEDRO CREEK,CREEK,,,
"X: -13637257.3819714, Y: 4522533.44636066, Z: NaN",,AB4117,SAN PEDRO CREEK,CREEK,,,
"X: -13637257.3819714, Y: 4522533.44636066, Z: NaN",,AB4117,SAN PEDRO CREEK,CREEK,,,
"X: -13637257.3819714, Y: 4522533.44636066, Z: NaN",,AB4117,SAN PEDRO CREEK,CREEK,,,
"X: -13637257.3819714, Y: 4522533.44636066, Z: NaN",,AB4117,SAN PEDRO CREEK,CREEK,,,
"X: -13637257.3819714, Y: 4522533.44636066, Z: NaN",,AB4117,SAN PEDRO CREEK,CREEK,,,
"X: -13637257.3819714, Y: 4522533.44636066, Z: NaN",,AB4117,SAN PEDRO CREEK,CREEK,,,
"X: -13637257.3819714, Y: 4522533.44636066, Z: NaN",,AB4117,SAN PEDRO CREEK,CREEK,,,
"X: -13637257.3819714, Y: 4522533.44636066, Z: NaN",,AB4117,SAN PEDRO CREEK,CREEK,,,
"X: -13637257.3819714, Y: 4522533.44636066, Z: NaN",,AB4117,SAN PEDRO CREEK,CREEK,,,
"X: -13637257.3819714, Y: 4522533.44636066, Z: NaN",,AB4117,SAN PEDRO CREEK,CREEK,,,
"X: -13637257.3819714, Y: 4522533.44636066, Z: NaN",,AB4117,SAN PEDRO CREEK,CREEK,,,
"X: -13637257.3819714, Y: 4522533.44636066, Z: NaN",,AB4117,SAN PEDRO CREEK,CREEK,,,
"X: -13637257.3819714, Y: 4522533.44636066, Z: NaN",,AB4117,SAN PEDRO CREEK,CREEK,,,
"X: -13637257.3819714, Y: 4522533.44636066, Z: NaN",,AB4117,SAN PEDRO CREEK,CREEK,,,
"X: -13637257.3819714, Y: 4522533.44636066, Z: NaN",,AB4117,SAN PEDRO CREEK,CREEK,,,
"X: -13637257.3819714, Y: 4522533.44636066, Z: NaN",,AB4117,SAN PEDRO CREEK,CREEK,,,
"X: -13637257.3819714, Y: 4522533.44636066, Z: NaN",,AB4117,SAN PEDRO CREEK,CREEK,,,
"X: -13637257.3819714, Y: 4522533.44636066, Z: NaN",,AB4117,SAN PEDRO CREEK,CREEK,,,
"X: -13637257.3819714, Y: 4522533.44636066, Z: NaN",,AB4117,SAN PEDRO CREEK,CREEK,,,
"X: -13637257.3819714, Y: 4522533.44636066, Z: NaN",,AB4117,SAN PEDRO CREEK,CREEK,,,
"X: -13637257.3819714, Y: 4522533.44636066, Z: NaN",,AB4117,SAN PEDRO CREEK,CREEK,,,
"X: -13637257.3819714, Y: 4522533.44636066, Z: NaN",,AB4117,SAN PEDRO CREEK,CREEK,,,
"X: -13637257.3819714, Y: 4522533.44636066, Z: NaN",,AB4117,SAN PEDRO CREEK,CREEK,,,
"X: -13637257.3819714, Y: 4522533.44636066, Z: NaN",,AB4117,SAN PEDRO CREEK,CREEK,,,
"X: -13637257.3819714, Y: 4522533.44636066, Z: NaN",,AB4117,SAN PEDRO CREEK,CREEK,,,
"X: -13637257.3819714, Y: 4522533.44636066, Z: NaN",,AB4117,SAN PEDRO CREEK,CREEK,,,
"X: -13637257.3819714, Y: 4522533.44636066, Z: NaN",,AB4117,SAN PEDRO CREEK,CREEK,,,
"X: -13637257.3819714, Y: 4522533.44636066, Z: NaN",,AB4117,SAN PEDRO CREEK,CREEK,,,
"X: -13637257.3819714, Y: 4522533.44636066, Z: NaN",,AB4117,SAN PEDRO CREEK,CREEK,,,
"X: -13637257.3819714, Y: 4522533.44636066, Z: NaN",,AB4117,SAN PEDRO CREEK,CREEK,,,
"X: -13637257.3819714, Y: 4522533.44636066, Z: NaN",,AB4117,SAN PEDRO CREEK,CREEK,,,
"X: -13637257.3819714, Y: 4522533.44636066, Z: NaN",,AB4117,SAN PEDRO CREEK,CREEK,,,
"X: -13637257.3819714, Y: 4522533.44636066, Z: NaN",,AB4117,SAN PEDRO CREEK,CREEK,,,
"X: -13637257.3819714, Y: 4522533.44636066, Z: NaN",,AB4117,SAN PEDRO CREEK,CREEK,,,
"X: -13637257.3819714, Y: 4522533.44636066, Z: NaN",,AB4117,SAN PEDRO CREEK,CREEK,,,
"X: -13637257.3819714, Y: 4522533.44636066, Z: NaN",,AB4117,SAN PEDRO CREEK,CREEK,,,
"X: -13637257.3819714, Y: 4522533.44636066, Z: NaN",,AB4117,SAN PEDRO CREEK,CREEK,,,
"X: -13637257.3819714, Y: 4522533.44636066, Z: NaN",,AB4117,SAN PEDRO CREEK,CREEK,,,
"X: -13637257.3819714, Y: 4522533.44636066, Z: NaN",,AB4117,SAN PEDRO CREEK,CREEK,,,
"X: -13637257.3819714, Y: 4522533.44636066, Z: NaN",,AB4117,SAN PEDRO CREEK,CREEK,,,
"X: -13637257.3819714, Y: 4522533.44636066, Z: NaN",,AB4117,SAN PEDRO CREEK,CREEK,,,
"X: -13637257.3819714, Y: 4522533.44636066, Z: NaN",,AB4117,SAN PEDRO CREEK,CREEK,,,
"X: -13637257.3819714, Y: 4522533.44636066, Z: NaN",,AB4117,SAN PEDRO CREEK,CREEK,,,
"X: -13637257.3819714, Y: 4522533.44636066, Z: NaN",,AB4117,SAN PEDRO CREEK,CREEK,,,
"X: -13637257.3819714, Y: 4522533.44636066, Z: NaN",,AB4117,SAN PEDRO CREEK,CREEK,,,
"X: -13637257.3819714, Y: 4522533.44636066, Z: NaN",,AB4117,SAN PEDRO CREEK,CREEK,,,
"X: -13637257.3819714, Y: 4522533.44636066, Z: NaN",,AB4117,SAN PEDRO CREEK,CREEK,,,
"X: -13637257.3819714, Y: 4522533.44636066, Z: NaN",,AB4117,SAN PEDRO CREEK,CREEK,,,
"X: -13637257.3819714, Y: 4522533.44636066, Z: NaN",,AB4117,SAN PEDRO CREEK,CREEK,,,
"X: -13637257.3819714, Y: 4522533.44636066, Z: NaN",,AB4117,SAN PEDRO CREEK,CREEK,,,
"X: -13637257.3819714, Y: 4522533.44636066, Z: NaN",,AB4117,SAN PEDRO CREEK,CREEK,,,
"X: -13637257.3819714, Y: 4522533.44636066, Z: NaN",,AB4117,SAN PEDRO CREEK,CREEK,,,
"X: -13637257.3819714, Y: 4522533.44636066, Z: NaN",,AB4117,SAN PEDRO CREEK,CREEK,,,
"X: -13637257.3819714, Y: 4522533.44636066, Z: NaN",,AB4117,SAN PEDRO CREEK,CREEK,,,
"X: -13637257.3819714, Y: 4522533.44636066, Z: NaN",,AB4117,SAN PEDRO CREEK,CREEK,,,
"X: -13637257.3819714, Y: 4522533.44636066, Z: NaN",,AB4117,SAN PEDRO CREEK,CREEK,,,
"X: -13637257.3819714, Y: 4522533.44636066, Z: NaN",,AB4117,SAN PEDRO CREEK,CREEK,,,
"X: -13637257.3819714, Y: 4522533.44636066, Z: NaN",,AB4117,SAN PEDRO CREEK,CREEK,,,
"X: -13637257.3819714, Y: 4522533.44636066, Z: NaN",,AB4117,SAN PEDRO CREEK,CREEK,,,
"X: -13637257.3819714, Y: 4522533.44636066, Z: NaN",,AB4117,SAN PEDRO CREEK,CREEK,,,
"X: -13637257.3819714, Y: 4522533.44636066, Z: NaN",,AB4117,SAN PEDRO CREEK,CREEK,,,
"X: -13637257.3819714, Y: 4522533.44636066, Z: NaN",,AB4117,SAN PEDRO CREEK,CREEK,,,
"X: -13637257.3819714, Y: 4522533.44636066, Z: NaN",,AB4117,SAN PEDRO CREEK,CREEK,,,
"X: -13637257.3819714, Y: 4522533.44636066, Z: NaN",,AB4117,SAN PEDRO CREEK,CREEK,,,
"X: -13637257.3819714, Y: 4522533.44636066, Z: NaN",,AB4117,SAN PEDRO CREEK,CREEK,,,
"X: -13637257.3819714, Y: 4522533.44636066, Z: NaN",,AB4117,SAN PEDRO CREEK,CREEK,,,
"X: -13637257.3819714, Y: 4522533.44636066, Z: NaN",,AB4117,SAN PEDRO CREEK,CREEK,,,
"X: -13637257.3819714, Y: 4522533.44636066, Z: NaN",,AB4117,SAN PEDRO CREEK,CREEK,,,
"X: -13637257.3819714, Y: 4522533.44636066, Z: NaN",,AB4117,SAN PEDRO CREEK,CREEK,,,
"X: -13637257.3819714, Y: 4522533.44636066, Z: NaN",,AB4117,SAN PEDRO CREEK,CREEK,,,
"X: -13637257.3819714, Y: 4522533.44636066, Z: NaN",,AB4117,SAN PEDRO CREEK,CREEK,,,
"X: -13637257.3819714, Y: 4522533.44636066, Z: NaN",,AB4117,SAN PEDRO CREEK,CREEK,,,
"X: -13637257.3819714, Y: 4522533.44636066, Z: NaN",,AB4117,SAN PEDRO CREEK,CREEK,,,
"X: -13637257.3819714, Y: 4522533.44636066, Z: NaN",,AB4117,SAN PEDRO CREEK,CREEK,,,
"X: -13637257.3819714, Y: 4522533.44636066, Z: NaN",,AB4117,SAN PEDRO CREEK,CREEK,,,
"X: -13637257.3819714, Y: 4522533.44636066, Z: NaN",,AB4117,SAN PEDRO CREEK,CREEK,,,
"X: -13637257.3819714, Y: 4522533.44636066, Z: NaN",,AB4117,SAN PEDRO CREEK,CREEK,,,
"X: -13637257.3819714, Y: 4522533.44636066, Z: NaN",,AB4117,SAN PEDRO CREEK,CREEK,,,
"X: -13637257.3819714, Y: 4522533.44636066, Z: NaN",,AB4117,SAN PEDRO CREEK,CREEK,,,
"X: -13637257.3819714, Y: 4522533.44636066, Z: NaN",,AB4117,SAN PEDRO CREEK,CREEK,,,
"X: -13637257.3819714, Y: 4522533.44636066, Z: NaN",,AB4117,SAN PEDRO CREEK,CREEK,,,
"X: -13637257.3819714, Y: 4522533.44636066, Z: NaN",,AB4117,SAN PEDRO CREEK,CREEK,,,
"X: -13637257.3819714, Y: 4522533.44636066, Z: NaN",,AB4117,SAN PEDRO CREEK,CREEK,,,
"X: -13637257.3819714, Y: 4522533.44636066, Z: NaN",,AB4117,SAN PEDRO CREEK,CREEK,,,
"X: -13637257.3819714, Y: 4522533.44636066, Z: NaN",,AB4117,SAN PEDRO CREEK,CREEK,,,
"X: -13637257.3819714, Y: 4522533.44636066, Z: NaN",,AB4117,SAN PEDRO CREEK,CREEK,,,
"X: -13637257.3819714, Y: 4522533.44636066, Z: NaN",,AB4117,SAN PEDRO CREEK,CREEK,,,
"X: -13637257.3819714, Y: 4522533.44636066, Z: NaN",,AB4117,SAN PEDRO CREEK,CREEK,,,
"X: -13637257.3819714, Y: 4522533.44636066, Z: NaN",,AB4117,SAN PEDRO CREEK,CREEK,,,
"X: -13637257.3819714, Y: 4522533.44636066, Z: NaN",,AB4117,SAN PEDRO CREEK,CREEK,,,
"X: -13637257.3819714, Y: 4522533.44636066, Z: NaN",,AB4117,SAN PEDRO CREEK,CREEK,,,
"X: -13637257.3819714, Y: 4522533.44636066, Z: NaN",,AB4117,SAN PEDRO CREEK,CREEK,,,
"X: -13637257.3819714, Y: 4522533.44636066, Z: NaN",,AB4117,SAN PEDRO CREEK,CREEK,,,
"X: -13637257.3819714, Y: 4522533.44636066, Z: NaN",,AB4117,SAN PEDRO CREEK,CREEK,,,
"X: -13637257.3819714, Y: 4522533.44636066, Z: NaN",,AB4117,SAN PEDRO CREEK,CREEK,,,
"X: -13637257.3819714, Y: 4522533.44636066, Z: NaN",,AB4117,SAN PEDRO CREEK,CREEK,,,
"X: -13637257.3819714, Y: 4522533.44636066, Z: NaN",,AB4117,SAN PEDRO CREEK,CREEK,,,
"X: -13637257.3819714, Y: 4522533.44636066, Z: NaN",,AB4117,SAN PEDRO CREEK,CREEK,,,
"X: -13637257.3819714, Y: 4522533.44636066, Z: NaN",,AB4117,SAN PEDRO CREEK,CREEK,,,
"X: -13637257.3819714, Y: 4522533.44636066, Z: NaN",,AB4117,SAN PEDRO CREEK,CREEK,,,
"X: -13637257.3819714, Y: 4522533.44636066, Z: NaN",,AB4117,SAN PEDRO CREEK,CREEK,,,
"X: -13637257.3819714, Y: 4522533.44636066, Z: NaN",,AB4117,SAN PEDRO CREEK,CREEK,,,
"X: -13637257.3819714, Y: 4522533.44636066, Z: NaN",,AB4117,SAN PEDRO CREEK,CREEK,,,
"X: -13637257.3819714, Y: 4522533.44636066, Z: NaN",,AB4117,SAN PEDRO CREEK,CREEK,,,
"X: -13637257.3819714, Y: 4522533.44636066, Z: NaN",,AB4117,SAN PEDRO CREEK,CREEK,,,
"X: -13637257.3819714, Y: 4522533.44636066, Z: NaN",,AB4117,SAN PEDRO CREEK,CREEK,,,
"X: -13637257.3819714, Y: 4522533.44636066, Z: NaN",,AB4117,SAN PEDRO CREEK,CREEK,,,
"X: -13637257.3819714, Y: 4522533.44636066, Z: NaN",,AB4117,SAN PEDRO CREEK,CREEK,,,
"X: -13637257.3819714, Y: 4522533.44636066, Z: NaN",,AB4117,SAN PEDRO CREEK,CREEK,,,
"X: -13637257.3819714, Y: 4522533.44636066, Z: NaN",,AB4117,SAN PEDRO CREEK,CREEK,,,
"X: -13637257.3819714, Y: 4522533.44636066, Z: NaN",,AB4117,SAN PEDRO CREEK,CREEK,,,
"X: -13637257.3819714, Y: 4522533.44636066, Z: NaN",,AB4117,SAN PEDRO CREEK,CREEK,,,
"X: -13637257.3819714, Y: 4522533.44636066, Z: NaN",,AB4117,SAN PEDRO CREEK,CREEK,,,
"X: -13637257.3819714, Y: 4522533.44636066, Z: NaN",,AB4117,SAN PEDRO CREEK,CREEK,,,
"X: -13637257.3819714, Y: 4522533.44636066, Z: NaN",,AB4117,SAN PEDRO CREEK,CREEK,,,
"X: -13637257.3819714, Y: 4522533.44636066, Z: NaN",,AB4117,SAN PEDRO CREEK,CREEK,,,
"X: -13637257.3819714, Y: 4522533.44636066, Z: NaN",,AB4117,SAN PEDRO CREEK,CREEK,,,
"X: -13637257.3819714, Y: 4522533.44636066, Z: NaN",,AB4117,SAN PEDRO CREEK,CREEK,,,
"X: -13637257.3819714, Y: 4522533.44636066, Z: NaN",,AB4117,SAN PEDRO CREEK,CREEK,,,
"X: -13637257.3819714, Y: 4522533.44636066, Z: NaN",,AB4117,SAN PEDRO CREEK,CREEK,,,
"X: -13637257.3819714, Y: 4522533.44636066, Z: NaN",,AB4117,SAN PEDRO CREEK,CREEK,,,
"X: -13637257.3819714, Y: 4522533.44636066, Z: NaN",,AB4117,SAN PEDRO CREEK,CREEK,,,
"X: -13637257.3819714, Y: 4522533.44636066, Z: NaN",,AB4117,SAN PEDRO CREEK,CREEK,,,
"X: -13637257.3819714, Y: 4522533.44636066, Z: NaN",,AB4117,SAN PEDRO CREEK,CREEK,,,
"X: -13637257.3819714, Y: 4522533.44636066, Z: NaN",,AB4117,SAN PEDRO CREEK,CREEK,,,
"X: -13637257.3819714, Y: 4522533.44636066, Z: NaN",,AB4117,SAN PEDRO CREEK,CREEK,,,
"X: -13637257.3819714, Y: 4522533.44636066, Z: NaN",,AB4117,SAN PEDRO CREEK,CREEK,,,
"X: -13637257.3819714, Y: 4522533.44636066, Z: NaN",,AB4117,SAN PEDRO CREEK,CREEK,,,
"X: -13637257.3819714, Y: 4522533.44636066, Z: NaN",,AB4117,SAN PEDRO CREEK,CREEK,,,
"X: -13637257.3819714, Y: 4522533.44636066, Z: NaN",,AB4117,SAN PEDRO CREEK,CREEK,,,
"X: -13637257.3819714, Y: 4522533.44636066, Z: NaN",,AB4117,SAN PEDRO CREEK,CREEK,,,
"X: -13637257.3819714, Y: 4522533.44636066, Z: NaN",,AB4117,SAN PEDRO CREEK,CREEK,,,
"X: -13637257.3819714, Y: 4522533.44636066, Z: NaN",,AB4117,SAN PEDRO CREEK,CREEK,,,
"X: -13637257.3819714, Y: 4522533.44636066, Z: NaN",,AB4117,SAN PEDRO CREEK,CREEK,,,
"X: -13637257.3819714, Y: 4522533.44636066, Z: NaN",,AB4117,SAN PEDRO CREEK,CREEK,,,
"X: -13637257.3819714, Y: 4522533.44636066, Z: NaN",,AB4117,SAN PEDRO CREEK,CREEK,,,
"X: -13637257.3819714, Y: 4522533.44636066, Z: NaN",,AB4117,SAN PEDRO CREEK,CREEK,,,
"X: -13637257.3819714, Y: 4522533.44636066, Z: NaN",,AB4117,SAN PEDRO CREEK,CREEK,,,
"X: -13637257.3819714, Y: 4522533.44636066, Z: NaN",,AB4117,SAN PEDRO CREEK,CREEK,,,
"X: -13637257.3819714, Y: 4522533.44636066, Z: NaN",,AB4117,SAN PEDRO CREEK,CREEK,,,
"X: -13637257.3819714, Y: 4522533.44636066, Z: NaN",,AB4117,SAN PEDRO CREEK,CREEK,,,
"X: -13637257.3819714, Y: 4522533.44636066, Z: NaN",,AB4117,SAN PEDRO CREEK,CREEK,,,
"X: -13637257.3819714, Y: 4522533.44636066, Z: NaN",,AB4117,SAN PEDRO CREEK,CREEK,,,
"X: -13637257.3819714, Y: 4522533.44636066, Z: NaN",,AB4117,SAN PEDRO CREEK,CREEK,,,
"X: -13637257.3819714, Y: 4522533.44636066, Z: NaN",,AB4117,SAN PEDRO CREEK,CREEK,,,
"X: -13637257.3819714, Y: 4522533.44636066, Z: NaN",,AB4117,SAN PEDRO CREEK,CREEK,,,
"X: -13637257.3819714, Y: 4522533.44636066, Z: NaN",,AB4117,SAN PEDRO CREEK,CREEK,,,
"X: -13637257.3819714, Y: 4522533.44636066, Z: NaN",,AB4117,SAN PEDRO CREEK,CREEK,,,
"X: -13637257.3819714, Y: 4522533.44636066, Z: NaN",,AB4117,SAN PEDRO CREEK,CREEK,,,
"X: -13637257.3819714, Y: 4522533.44636066, Z: NaN",,AB4117,SAN PEDRO CREEK,CREEK,,,
"X: -13637257.3819714, Y: 4522533.44636066, Z: NaN",,AB4117,SAN PEDRO CREEK,CREEK,,,
"X: -13637257.3819714, Y: 4522533.44636066, Z: NaN",,AB4117,SAN PEDRO CREEK,CREEK,,,
"X: -13637257.3819714, Y: 4522533.44636066, Z: NaN",,AB4117,SAN PEDRO CREEK,CREEK,,,
"X: -13637257.3819714, Y: 4522533.44636066, Z: NaN",,AB4117,SAN PEDRO CREEK,CREEK,,,
"X: -13637257.3819714, Y: 4522533.44636066, Z: NaN",,AB4117,SAN PEDRO CREEK,CREEK,,,
"X: -13637257.3819714, Y: 4522533.44636066, Z: NaN",,AB4117,SAN PEDRO CREEK,CREEK,,,
"X: -13637257.3819714, Y: 4522533.44636066, Z: NaN",,AB4117,SAN PEDRO CREEK,CREEK,,,
"X: -13637257.3819714, Y: 4522533.44636066, Z: NaN",,AB4117,SAN PEDRO CREEK,CREEK,,,
"X: -13637257.3819714, Y: 4522533.44636066, Z: NaN",,AB4117,SAN PEDRO CREEK,CREEK,,,
"X: -13637257.3819714, Y: 4522533.44636066, Z: NaN",,AB4117,SAN PEDRO CREEK,CREEK,,,
"X: -13637257.3819714, Y: 4522533.44636066, Z: NaN",,AB4117,SAN PEDRO CREEK,CREEK,,,
"X: -13637257.3819714, Y: 4522533.44636066, Z: NaN",,AB4117,SAN PEDRO CREEK,CREEK,,,
"X: -13637257.3819714, Y: 4522533.44636066, Z: NaN",,AB4117,SAN PEDRO CREEK,CREEK,,,
"X: -13637257.3819714, Y: 4522533.44636066, Z: NaN",,AB4117,SAN PEDRO CREEK,CREEK,,,
"X: -13637257.3819714, Y: 4522533.44636066, Z: NaN",,AB4117,SAN PEDRO CREEK,CREEK,,,
"X: -13637257.3819714, Y: 4522533.44636066, Z: NaN",,AB4117,SAN PEDRO CREEK,CREEK,,,
"X: -13637257.3819714, Y: 4522533.44636066, Z: NaN",,AB4117,SAN PEDRO CREEK,CREEK,,,
"X: -13637257.3819714, Y: 4522533.44636066, Z: NaN",,AB4117,SAN PEDRO CREEK,CREEK,,,
"X: -13637257.3819714, Y: 4522533.44636066, Z: NaN",,AB4117,SAN PEDRO CREEK,CREEK,,,
"X: -13637257.3819714, Y: 4522533.44636066, Z: NaN",,AB4117,SAN PEDRO CREEK,CREEK,,,
"X: -13637257.3819714, Y: 4522533.44636066, Z: NaN",,AB4117,SAN PEDRO CREEK,CREEK,,,
"X: -13637257.3819714, Y: 4522533.44636066, Z: NaN",,AB4117,SAN PEDRO CREEK,CREEK,,,
"X: -13637257.3819714, Y: 4522533.44636066, Z: NaN",,AB4117,SAN PEDRO CREEK,CREEK,,,
"X: -13637257.3819714, Y: 4522533.44636066, Z: NaN",,AB4117,SAN PEDRO CREEK,CREEK,,,
"X: -13637257.3819714, Y: 4522533.44636066, Z: NaN",,AB4117,SAN PEDRO CREEK,CREEK,,,
"X: -13637257.3819714, Y: 4522533.44636066, Z: NaN",,AB4117,SAN PEDRO CREEK,CREEK,,,
"X: -13637257.3819714, Y: 4522533.44636066, Z: NaN",,AB4117,SAN PEDRO CREEK,CREEK,,,
"X: -13637257.3819714, Y: 4522533.44636066, Z: NaN",,AB4117,SAN PEDRO CREEK,CREEK,,,
"X: -13637257.3819714, Y: 4522533.44636066, Z: NaN",,AB4117,SAN PEDRO CREEK,CREEK,,,
"X: -13637257.3819714, Y: 4522533.44636066, Z: NaN",,AB4117,SAN PEDRO CREEK,CREEK,,,
"X: -13637257.3819714, Y: 4522533.44636066, Z: NaN",,AB4117,SAN PEDRO CREEK,CREEK,,,
"X: -13637257.3819714, Y: 4522533.44636066, Z: NaN",,AB4117,SAN PEDRO CREEK,CREEK,,,
"X: -13637257.3819714, Y: 4522533.44636066, Z: NaN",,AB4117,SAN PEDRO CREEK,CREEK,,,
"X: -13637257.3819714, Y: 4522533.44636066, Z: NaN",,AB4117,SAN PEDRO CREEK,CREEK,,,
"X: -13637257.3819714, Y: 4522533.44636066, Z: NaN",,AB4117,SAN PEDRO CREEK,CREEK,,,
"X: -13637257.3819714, Y: 4522533.44636066, Z: NaN",,AB4117,SAN PEDRO CREEK,CREEK,,,
"X: -13637257.3819714, Y: 4522533.44636066, Z: NaN",,AB4117,SAN PEDRO CREEK,CREEK,,,
"X: -13637257.3819714, Y: 4522533.44636066, Z: NaN",,AB4117,SAN PEDRO CREEK,CREEK,,,
"X: -13637257.3819714, Y: 4522533.44636066, Z: NaN",,AB4117,SAN PEDRO CREEK,CREEK,,,
"X: -13637257.3819714, Y: 4522533.44636066, Z: NaN",,AB4117,SAN PEDRO CREEK,CREEK,,,
"X: -13637257.3819714, Y: 4522533.44636066, Z: NaN",,AB4117,SAN PEDRO CREEK,CREEK,,,
"X: -13637257.3819714, Y: 4522533.44636066, Z: NaN",,AB4117,SAN PEDRO CREEK,CREEK,,,
"X: -13637257.3819714, Y: 4522533.44636066, Z: NaN",,AB4117,SAN PEDRO CREEK,CREEK,,,
"X: -13637257.3819714, Y: 4522533.44636066, Z: NaN",,AB4117,SAN PEDRO CREEK,CREEK,,,
"X: -13637257.3819714, Y: 4522533.44636066, Z: NaN",,AB4117,SAN PEDRO CREEK,CREEK,,,
"X: -13637257.3819714, Y: 4522533.44636066, Z: NaN",,AB4117,SAN PEDRO CREEK,CREEK,,,
"X: -13637257.3819714, Y: 4522533.44636066, Z: NaN",,AB4117,SAN PEDRO CREEK,CREEK,,,
"X: -13637257.3819714, Y: 4522533.44636066, Z: NaN",,AB4117,SAN PEDRO CREEK,CREEK,,,
"X: -13637257.3819714, Y: 4522533.44636066, Z: NaN",,AB4117,SAN PEDRO CREEK,CREEK,,,
"X: -13637257.3819714, Y: 4522533.44636066, Z: NaN",,AB4117,SAN PEDRO CREEK,CREEK,,,
"X: -13637257.3819714, Y: 4522533.44636066, Z: NaN",,AB4117,SAN PEDRO CREEK,CREEK,,,
"X: -13637257.3819714, Y: 4522533.44636066, Z: NaN",,AB4117,SAN PEDRO CREEK,CREEK,,,
"X: -13637257.3819714, Y: 4522533.44636066, Z: NaN",,AB4117,SAN PEDRO CREEK,CREEK,,,
"X: -13637257.3819714, Y: 4522533.44636066, Z: NaN",,AB4117,SAN PEDRO CREEK,CREEK,,,
"X: -13637257.3819714, Y: 4522533.44636066, Z: NaN",,AB4117,SAN PEDRO CREEK,CREEK,,,
"X: -13637257.3819714, Y: 4522533.44636066, Z: NaN",,AB4117,SAN PEDRO CREEK,CREEK,,,
"X: -13637257.3819714, Y: 4522533.44636066, Z: NaN",,AB4117,SAN PEDRO CREEK,CREEK,,,
"X: -13637257.3819714, Y: 4522533.44636066, Z: NaN",,AB4117,SAN PEDRO CREEK,CREEK,,,
"X: -13637257.3819714, Y: 4522533.44636066, Z: NaN",,AB4117,SAN PEDRO CREEK,CREEK,,,
"X: -13637257.3819714, Y: 4522533.44636066, Z: NaN",,AB4117,SAN PEDRO CREEK,CREEK,,,
"X: -13637257.3819714, Y: 4522533.44636066, Z: NaN",,AB4117,SAN PEDRO CREEK,CREEK,,,
"X: -13637257.3819714, Y: 4522533.44636066, Z: NaN",,AB4117,SAN PEDRO CREEK,CREEK,,,
"X: -13637257.3819714, Y: 4522533.44636066, Z: NaN",,AB4117,SAN PEDRO CREEK,CREEK,,,
"X: -13637257.3819714, Y: 4522533.44636066, Z: NaN",,AB4117,SAN PEDRO CREEK,CREEK,,,
"X: -13637257.3819714, Y: 4522533.44636066, Z: NaN",,AB4117,SAN PEDRO CREEK,CREEK,,,
"X: -13637257.3819714, Y: 4522533.44636066, Z: NaN",,AB4117,SAN PEDRO CREEK,CREEK,,,
"X: -13637257.3819714, Y: 4522533.44636066, Z: NaN",,AB4117,SAN PEDRO CREEK,CREEK,,,
"X: -13637257.3819714, Y: 4522533.44636066, Z: NaN",,AB4117,SAN PEDRO CREEK,CREEK,,,
"X: -13637257.3819714, Y: 4522533.44636066, Z: NaN",,AB4117,SAN PEDRO CREEK,CREEK,,,
"X: -13637257.3819714, Y: 4522533.44636066, Z: NaN",,AB4117,SAN PEDRO CREEK,CREEK,,,
"X: -13637257.3819714, Y: 4522533.44636066, Z: NaN",,AB4117,SAN PEDRO CREEK,CREEK,,,
"X: -13637257.3819714, Y: 4522533.44636066, Z: NaN",,AB4117,SAN PEDRO CREEK,CREEK,,,
"X: -13637257.3819714, Y: 4522533.44636066, Z: NaN",,AB4117,SAN PEDRO CREEK,CREEK,,,
"X: -13637257.3819714, Y: 4522533.44636066, Z: NaN",,AB4117,SAN PEDRO CREEK,CREEK,,,
"X: -13637257.3819714, Y: 4522533.44636066, Z: NaN",,AB4117,SAN PEDRO CREEK,CREEK,,,
"X: -13637257.3819714, Y: 4522533.44636066, Z: NaN",,AB4117,SAN PEDRO CREEK,CREEK,,,
"X: -13637257.3819714, Y: 4522533.44636066, Z: NaN",,AB4117,SAN PEDRO CREEK,CREEK,,,
"X: -13637257.3819714, Y: 4522533.44636066, Z: NaN",,AB4117,SAN PEDRO CREEK,CREEK,,,
"X: -13637257.3819714, Y: 4522533.44636066, Z: NaN",,AB4117,SAN PEDRO CREEK,CREEK,,,
"X: -13637257.3819714, Y: 4522533.44636066, Z: NaN",,AB4117,SAN PEDRO CREEK,CREEK,,,
"X: -13637257.3819714, Y: 4522533.44636066, Z: NaN",,AB4117,SAN PEDRO CREEK,CREEK,,,
"X: -13637257.3819714, Y: 4522533.44636066, Z: NaN",,AB4117,SAN PEDRO CREEK,CREEK,,,
"X: -13637257.3819714, Y: 4522533.44636066, Z: NaN",,AB4117,SAN PEDRO CREEK,CREEK,,,
"X: -13637257.3819714, Y: 4522533.44636066, Z: NaN",,AB4117,SAN PEDRO CREEK,CREEK,,,
"X: -13637257.3819714, Y: 4522533.44636066, Z: NaN",,AB4117,SAN PEDRO CREEK,CREEK,,,
"X: -13637257.3819714, Y: 4522533.44636066, Z: NaN",,AB4117,SAN PEDRO CREEK,CREEK,,,
"X: -13637257.3819714, Y: 4522533.44636066, Z: NaN",,AB4117,SAN PEDRO CREEK,CREEK,,,
"X: -13637257.3819714, Y: 4522533.44636066, Z: NaN",,AB4117,SAN PEDRO CREEK,CREEK,,,
"X: -13637257.3819714, Y: 4522533.44636066, Z: NaN",,AB4117,SAN PEDRO CREEK,CREEK,,,
"X: -13637257.3819714, Y: 4522533.44636066, Z: NaN",,AB4117,SAN PEDRO CREEK,CREEK,,,
"X: -13637257.3819714, Y: 4522533.44636066, Z: NaN",,AB4117,SAN PEDRO CREEK,CREEK,,,
"X: -13637257.3819714, Y: 4522533.44636066, Z: NaN",,AB4117,SAN PEDRO CREEK,CREEK,,,
"X: -13637257.3819714, Y: 4522533.44636066, Z: NaN",,AB4117,SAN PEDRO CREEK,CREEK,,,
"X: -13637257.3819714, Y: 4522533.44636066, Z: NaN",,AB4117,SAN PEDRO CREEK,CREEK,,,
"X: -13637257.3819714, Y: 4522533.44636066, Z: NaN",,AB4117,SAN PEDRO CREEK,CREEK,,,
"X: -13637257.3819714, Y: 4522533.44636066, Z: NaN",,AB4117,SAN PEDRO CREEK,CREEK,,,
"X: -13637257.3819714, Y: 4522533.44636066, Z: NaN",,AB4117,SAN PEDRO CREEK,CREEK,,,
"X: -13637257.3819714, Y: 4522533.44636066, Z: NaN",,AB4117,SAN PEDRO CREEK,CREEK,,,
"X: -13637257.3819714, Y: 4522533.44636066, Z: NaN",,AB4117,SAN PEDRO CREEK,CREEK,,,
"X: -13637257.3819714, Y: 4522533.44636066, Z: NaN",,AB4117,SAN PEDRO CREEK,CREEK,,,
"X: -13637257.3819714, Y: 4522533.44636066, Z: NaN",,AB4117,SAN PEDRO CREEK,CREEK,,,
"X: -13637257.3819714, Y: 4522533.44636066, Z: NaN",,AB4117,SAN PEDRO CREEK,CREEK,,,
"X: -13637257.3819714, Y: 4522533.44636066, Z: NaN",,AB4117,SAN PEDRO CREEK,CREEK,,,
"X: -13637257.3819714, Y: 4522533.44636066, Z: NaN",,AB4117,SAN PEDRO CREEK,CREEK,,,
"X: -13637257.3819714, Y: 4522533.44636066, Z: NaN",,AB4117,SAN PEDRO CREEK,CREEK,,,
"X: -13637257.3819714, Y: 4522533.44636066, Z: NaN",,AB4117,SAN PEDRO CREEK,CREEK,,,
"X: -13637257.3819714, Y: 4522533.44636066, Z: NaN",,AB4117,SAN PEDRO CREEK,CREEK,,,
"X: -13637257.3819714, Y: 4522533.44636066, Z: NaN",,AB4117,SAN PEDRO CREEK,CREEK,,,
"X: -13637257.3819714, Y: 4522533.44636066, Z: NaN",,AB4117,SAN PEDRO CREEK,CREEK,,,
"X: -13637257.3819714, Y: 4522533.44636066, Z: NaN",,AB4117,SAN PEDRO CREEK,CREEK,,,
"X: -13637257.3819714, Y: 4522533.44636066, Z: NaN",,AB4117,SAN PEDRO CREEK,CREEK,,,
"X: -13637257.3819714, Y: 4522533.44636066, Z: NaN",,AB4117,SAN PEDRO CREEK,CREEK,,,
"X: -13637257.3819714, Y: 4522533.44636066, Z: NaN",,AB4117,SAN PEDRO CREEK,CREEK,,,
"X: -13637257.3819714, Y: 4522533.44636066, Z: NaN",,AB4117,SAN PEDRO CREEK,CREEK,,,
"X: -13637257.3819714, Y: 4522533.44636066, Z: NaN",,AB4117,SAN PEDRO CREEK,CREEK,,,
"X: -13637257.3819714, Y: 4522533.44636066, Z: NaN",,AB4117,SAN PEDRO CREEK,CREEK,,,
"X: -13637257.3819714, Y: 4522533.44636066, Z: NaN",,AB4117,SAN PEDRO CREEK,CREEK,,,
"X: -13637257.3819714, Y: 4522533.44636066, Z: NaN",,AB4117,SAN PEDRO CREEK,CREEK,,,
"X: -13637257.3819714, Y: 4522533.44636066, Z: NaN",,AB4117,SAN PEDRO CREEK,CREEK,,,
"X: -13637257.3819714, Y: 4522533.44636066, Z: NaN",,AB4117,SAN PEDRO CREEK,CREEK,,,
"X: -13637257.3819714, Y: 4522533.44636066, Z: NaN",,AB4117,SAN PEDRO CREEK,CREEK,,,
"X: -13637257.3819714, Y: 4522533.44636066, Z: NaN",,AB4117,SAN PEDRO CREEK,CREEK,,,
"X: -13637257.3819714, Y: 4522533.44636066, Z: NaN",,AB4117,SAN PEDRO CREEK,CREEK,,,
"X: -13637257.3819714, Y: 4522533.44636066, Z: NaN",,AB4117,SAN PEDRO CREEK,CREEK,,,
"X: -13637257.3819714, Y: 4522533.44636066, Z: NaN",,AB4117,SAN PEDRO CREEK,CREEK,,,
"X: -13637257.3819714, Y: 4522533.44636066, Z: NaN",,AB4117,SAN PEDRO CREEK,CREEK,,,
"X: -13637257.3819714, Y: 4522533.44636066, Z: NaN",,AB4117,SAN PEDRO CREEK,CREEK,,,
"X: -13637257.3819714, Y: 4522533.44636066, Z: NaN",,AB4117,SAN PEDRO CREEK,CREEK,,,
"X: -13637257.3819714, Y: 4522533.44636066, Z: NaN",,AB4117,SAN PEDRO CREEK,CREEK,,,
"X: -13637257.3819714, Y: 4522533.44636066, Z: NaN",,AB4117,SAN PEDRO CREEK,CREEK,,,
"X: -13637257.3819714, Y: 4522533.44636066, Z: NaN",,AB4117,SAN PEDRO CREEK,CREEK,,,
"X: -13637257.3819714, Y: 4522533.44636066, Z: NaN",,AB4117,SAN PEDRO CREEK,CREEK,,,
"X: -13637257.3819714, Y: 4522533.44636066, Z: NaN",,AB4117,SAN PEDRO CREEK,CREEK,,,
"X: -13637257.3819714, Y: 4522533.44636066, Z: NaN",,AB4117,SAN PEDRO CREEK,CREEK,,,
"X: -13637257.3819714, Y: 4522533.44636066, Z: NaN",,AB4117,SAN PEDRO CREEK,CREEK,,,
"X: -13637257.3819714, Y: 4522533.44636066, Z: NaN",,AB4117,SAN PEDRO CREEK,CREEK,,,
"X: -13637257.3819714, Y: 4522533.44636066, Z: NaN",,AB4117,SAN PEDRO CREEK,CREEK,,,
"X: -13637257.3819714, Y: 4522533.44636066, Z: NaN",,AB4117,SAN PEDRO CREEK,CREEK,,,
"X: -13637257.3819714, Y: 4522533.44636066, Z: NaN",,AB4117,SAN PEDRO CREEK,CREEK,,,
"X: -13637257.3819714, Y: 4522533.44636066, Z: NaN",,AB4117,SAN PEDRO CREEK,CREEK,,,
"X: -13637257.3819714, Y: 4522533.44636066, Z: NaN",,AB4117,SAN PEDRO CREEK,CREEK,,,
"X: -13637257.3819714, Y: 4522533.44636066, Z: NaN",,AB4117,SAN PEDRO CREEK,CREEK,,,
"X: -13637257.3819714, Y: 4522533.44636066, Z: NaN",,AB4117,SAN PEDRO CREEK,CREEK,,,
"X: -13637257.3819714, Y: 4522533.44636066, Z: NaN",,AB4117,SAN PEDRO CREEK,CREEK,,,
"X: -13637257.3819714, Y: 4522533.44636066, Z: NaN",,AB4117,SAN PEDRO CREEK,CREEK,,,
"X: -13637257.3819714, Y: 4522533.44636066, Z: NaN",,AB4117,SAN PEDRO CREEK,CREEK,,,
"X: -13637257.3819714, Y: 4522533.44636066, Z: NaN",,AB4117,SAN PEDRO CREEK,CREEK,,,
"X: -13637257.3819714, Y: 4522533.44636066, Z: NaN",,AB4117,SAN PEDRO CREEK,CREEK,,,
"X: -13637257.3819714, Y: 4522533.44636066, Z: NaN",,AB4117,SAN PEDRO CREEK,CREEK,,,
"X: -13637257.3819714, Y: 4522533.44636066, Z: NaN",,AB4117,SAN PEDRO CREEK,CREEK,,,
"X: -13637257.3819714, Y: 4522533.44636066, Z: NaN",,AB4117,SAN PEDRO CREEK,CREEK,,,
"X: -13637257.3819714, Y: 4522533.44636066, Z: NaN",,AB4117,SAN PEDRO CREEK,CREEK,,,
"X: -13637257.3819714, Y: 4522533.44636066, Z: NaN",,AB4117,SAN PEDRO CREEK,CREEK,,,
"X: -13637257.3819714, Y: 4522533.44636066, Z: NaN",,AB4117,SAN PEDRO CREEK,CREEK,,,
"X: -13637257.3819714, Y: 4522533.44636066, Z: NaN",,AB4117,SAN PEDRO CREEK,CREEK,,,
"X: -13637257.3819714, Y: 4522533.44636066, Z: NaN",,AB4117,SAN PEDRO CREEK,CREEK,,,
"X: -13637257.3819714, Y: 4522533.44636066, Z: NaN",,AB4117,SAN PEDRO CREEK,CREEK,,,
"X: -13637257.3819714, Y: 4522533.44636066, Z: NaN",,AB4117,SAN PEDRO CREEK,CREEK,,,
"X: -13637257.3819714, Y: 4522533.44636066, Z: NaN",,AB4117,SAN PEDRO CREEK,CREEK,,,
"X: -13637257.3819714, Y: 4522533.44636066, Z: NaN",,AB4117,SAN PEDRO CREEK,CREEK,,,
"X: -13637257.3819714, Y: 4522533.44636066, Z: NaN",,AB4117,SAN PEDRO CREEK,CREEK,,,
"X: -13637257.3819714, Y: 4522533.44636066, Z: NaN",,AB4117,SAN PEDRO CREEK,CREEK,,,
"X: -13637257.3819714, Y: 4522533.44636066, Z: NaN",,AB4117,SAN PEDRO CREEK,CREEK,,,
"X: -13637257.3819714, Y: 4522533.44636066, Z: NaN",,AB4117,SAN PEDRO CREEK,CREEK,,,
"X: -13637257.3819714, Y: 4522533.44636066, Z: NaN",,AB4117,SAN PEDRO CREEK,CREEK,,,
"X: -13637257.3819714, Y: 4522533.44636066, Z: NaN",,AB4117,SAN PEDRO CREEK,CREEK,,,
"X: -13637257.3819714, Y: 4522533.44636066, Z: NaN",,AB4117,SAN PEDRO CREEK,CREEK,,,
"X: -13637257.3819714, Y: 4522533.44636066, Z: NaN",,AB4117,SAN PEDRO CREEK,CREEK,,,
"X: -13637257.3819714, Y: 4522533.44636066, Z: NaN",,AB4117,SAN PEDRO CREEK,CREEK,,,
"X: -13637257.3819714, Y: 4522533.44636066, Z: NaN",,AB4117,SAN PEDRO CREEK,CREEK,,,
"X: -13637257.3819714, Y: 4522533.44636066, Z: NaN",,AB4117,SAN PEDRO CREEK,CREEK,,,
"X: -13637257.3819714, Y: 4522533.44636066, Z: NaN",,AB4117,SAN PEDRO CREEK,CREEK,,,
"X: -13637257.3819714, Y: 4522533.44636066, Z: NaN",,AB4117,SAN PEDRO CREEK,CREEK,,,
"X: -13637257.3819714, Y: 4522533.44636066, Z: NaN",,AB4117,SAN PEDRO CREEK,CREEK,,,
"X: -13637257.3819714, Y: 4522533.44636066, Z: NaN",,AB4117,SAN PEDRO CREEK,CREEK,,,
"X: -13637257.3819714, Y: 4522533.44636066, Z: NaN",,AB4117,SAN PEDRO CREEK,CREEK,,,
"X: -13637257.3819714, Y: 4522533.44636066, Z: NaN",,AB4117,SAN PEDRO CREEK,CREEK,,,
"X: -13637257.3819714, Y: 4522533.44636066, Z: NaN",,AB4117,SAN PEDRO CREEK,CREEK,,,
"X: -13637257.3819714, Y: 4522533.44636066, Z: NaN",,AB4117,SAN PEDRO CREEK,CREEK,,,
"X: -13637257.3819714, Y: 4522533.44636066, Z: NaN",,AB4117,SAN PEDRO CREEK,CREEK,,,
"X: -13637257.3819714, Y: 4522533.44636066, Z: NaN",,AB4117,SAN PEDRO CREEK,CREEK,,,
"X: -13637257.3819714, Y: 4522533.44636066, Z: NaN",,AB4117,SAN PEDRO CREEK,CREEK,,,
"X: -13637257.3819714, Y: 4522533.44636066, Z: NaN",,AB4117,SAN PEDRO CREEK,CREEK,,,
"X: -13637257.3819714, Y: 4522533.44636066, Z: NaN",,AB4117,SAN PEDRO CREEK,CREEK,,,
"X: -13637257.3819714, Y: 4522533.44636066, Z: NaN",,AB4117,SAN PEDRO CREEK,CREEK,,,
"X: -13637257.3819714, Y: 4522533.44636066, Z: NaN",,AB4117,SAN PEDRO CREEK,CREEK,,,
"X: -13637257.3819714, Y: 4522533.44636066, Z: NaN",,AB4117,SAN PEDRO CREEK,CREEK,,,
"X: -13637257.3819714, Y: 4522533.44636066, Z: NaN",,AB4117,SAN PEDRO CREEK,CREEK,,,
"X: -13637257.3819714, Y: 4522533.44636066, Z: NaN",,AB4117,SAN PEDRO CREEK,CREEK,,,
"X: -13637257.3819714, Y: 4522533.44636066, Z: NaN",,AB4117,SAN PEDRO CREEK,CREEK,,,
"X: -13637257.3819714, Y: 4522533.44636066, Z: NaN",,AB4117,SAN PEDRO CREEK,CREEK,,,
"X: -13637257.3819714, Y: 4522533.44636066, Z: NaN",,AB4117,SAN PEDRO CREEK,CREEK,,,
"X: -13637257.3819714, Y: 4522533.44636066, Z: NaN",,AB4117,SAN PEDRO CREEK,CREEK,,,
"X: -13637257.3819714, Y: 4522533.44636066, Z: NaN",,AB4117,SAN PEDRO CREEK,CREEK,,,
"X: -13637257.3819714, Y: 4522533.44636066, Z: NaN",,AB4117,SAN PEDRO CREEK,CREEK,,,
"X: -13637257.3819714, Y: 4522533.44636066, Z: NaN",,AB4117,SAN PEDRO CREEK,CREEK,,,
"X: -13637257.3819714, Y: 4522533.44636066, Z: NaN",,AB4117,SAN PEDRO CREEK,CREEK,,,
"X: -13637257.3819714, Y: 4522533.44636066, Z: NaN",,AB4117,SAN PEDRO CREEK,CREEK,,,
"X: -13637257.3819714, Y: 4522533.44636066, Z: NaN",,AB4117,SAN PEDRO CREEK,CREEK,,,
"X: -13637257.3819714, Y: 4522533.44636066, Z: NaN",,AB4117,SAN PEDRO CREEK,CREEK,,,
"X: -13637257.3819714, Y: 4522533.44636066, Z: NaN",,AB4117,SAN PEDRO CREEK,CREEK,,,
"X: -13637257.3819714, Y: 4522533.44636066, Z: NaN",,AB4117,SAN PEDRO CREEK,CREEK,,,
"X: -13637257.3819714, Y: 4522533.44636066, Z: NaN",,AB4117,SAN PEDRO CREEK,CREEK,,,
"X: -13637257.3819714, Y: 4522533.44636066, Z: NaN",,AB4117,SAN PEDRO CREEK,CREEK,,,
"X: -13637257.3819714, Y: 4522533.44636066, Z: NaN",,AB4117,SAN PEDRO CREEK,CREEK,,,
